20 grüne Hauptwege - Digitale Wanderkarte	?id=gruene_wege_wander@senstadt&type=WMS
Adressen Regionales Bezugssystem Berlin	?id=k_rbsadressen@senstadt&type=WMS
Aktionsräume plus (2012 beendet)	?id=aktionsraum@senstadt&type=WMS
ALKIS Berlin	?id=wmsk_alkis@senstadt&type=WMS
ALKIS Berlin s/w	?id=wmsk_alkis_sw@senstadt&type=WMS
Alleinerziehende Haushalte 2012 (LOR)	?id=MsozS_K02_2012@senstadt&type=WMS
Alleinerziehende Haushalte 2012 (LOR) - V 2	?id=MsozS_K02_V2_2012@senstadt&type=WMS
Alters- und Bestandesstruktur der Wälder - Forstbetriebskarte (Umweltatlas)	?id=wmsk_forstbetriebskarte@senstadt&type=WMS
Altersarmut 2012 (LOR)	?id=MsozS_K03_2012@senstadt&type=WMS
Angelgewässer in Berlin	?id=angelkarte2014@senstadt&type=WMS
Arbeitslose unter 25 Jahren (Jugendarbeitslosigkeit) 2012 (LOR)	?id=MsozS_K01_2012@senstadt&type=WMS
Arbeitslose unter 25 Jahren (Jugendarbeitslosigkeit) 2012 (LOR) - V 2	?id=MsozS_K01_V2_2012@senstadt&type=WMS
Arbeitslose unter 25 Jahren 2004	?id=MsozSarblos252004@senstadt&type=WMS
Arbeitslose unter 25 Jahren 2006	?id=MsozSarblos252006@senstadt&type=WMS
Arbeitslose unter 25 Jahren 2006 (LOR)	?id=MsozSarblos252006LOR@senstadt&type=WMS
Arbeitslose unter 25 Jahren 2007	?id=MsozS_S2_arblos252007Vz@senstadt&type=WMS
Arbeitslose unter 25 Jahren 2007 (LOR)	?id=MsozS_S2_arblos252007LOR@senstadt&type=WMS
Arbeitslose unter 25 Jahren 2008 (LOR)	?id=MsozS_S2_arblos252008LOR@senstadt&type=WMS
Arbeitslose unter 25 Jahren 2009 (LOR)	?id=MsozS_S2_arblos252009LOR@senstadt&type=WMS
Arbeitslose unter 25 Jahren 2010 (LOR)	?id=MsozS_S2_arblos252010LOR@senstadt&type=WMS
Arbeitslose unter 25 Jahren: Veränderung 2008 (LOR)	?id=MsozS_E20_Varblos252008LOR@senstadt&type=WMS
Arbeitslose unter 25 Jahren: Veränderung 2009 (LOR)	?id=MsozS_E20_2009LOR@senstadt&type=WMS
Arbeitslose unter 25 Jahren: Veränderung 2010 (LOR)	?id=MsozS_E20_2010LOR@senstadt&type=WMS
Arbeitslose, ausländische: 2004	?id=MsozSaArblos2004@senstadt&type=WMS
Arbeitslose, ausländische: Veränderung 2003-2004	?id=MsozSaArblosv04@senstadt&type=WMS
Arbeitslose, deutsche: 2004	?id=MsozSdtArblos2004@senstadt&type=WMS
Arbeitslose, deutsche: Veränderung 2003-2004	?id=MsozSdtarbl_v04@senstadt&type=WMS
Arbeitslose: Veränderung 2003-2004	?id=MsozSarblos_v2004@senstadt&type=WMS
Arbeitslose: Veränderung 2008 (LOR)	?id=MsozS_E19_Varblos2008LOR@senstadt&type=WMS
Arbeitslose: Veränderung 2009 (LOR)	?id=MsozS_E19_2009LOR@senstadt&type=WMS
Arbeitslose: Veränderung 2010 (LOR)	?id=MsozS_E19_2010LOR@senstadt&type=WMS
Arbeitslose: Veränderung 2011-2012 (LOR)	?id=MsozS_D1_2012@senstadt&type=WMS
Arbeitslose: Veränderung 2011-2012 (LOR) - V 2	?id=MsozS_D1_V2_2012@senstadt&type=WMS
Arbeitslosenanteil 2004	?id=MsozSarblos2004@senstadt&type=WMS
Arbeitslosenanteil 2006	?id=MsozSarblos2006@senstadt&type=WMS
Arbeitslosenanteil 2006 (LOR)	?id=MsozSarblos2006LOR@senstadt&type=WMS
Arbeitslosenanteil 2007	?id=MsozS_S1_arblos2007Vz@senstadt&type=WMS
Arbeitslosenanteil 2007 (LOR)	?id=MsozS_S1_arblos2007LOR@senstadt&type=WMS
Arbeitslosenanteil 2008 (LOR)	?id=MsozS_S1_arblos2008LOR@senstadt&type=WMS
Arbeitslosenanteil 2009 (LOR)	?id=MsozS_S1_arblos2009LOR@senstadt&type=WMS
Arbeitslosenanteil 2010 (LOR)	?id=MsozS_S1_arblos2010LOR@senstadt&type=WMS
Arbeitslosenanteil 2012 (LOR)	?id=MsozS_S1_2012@senstadt&type=WMS
Arbeitslosenanteil 2012 (LOR) - V2	?id=MsozS_S1_V2_2012@senstadt&type=WMS
Archäologische Fundstellen und Bodendenkmale (AISBer)	?id=fundstellen@senstadt&type=WMS
Archivfunktion der Böden für die Naturgeschichte 2001 (Umweltatlas)	?id=kb01_12_05archiv@senstadt&type=WMS
Archivfunktion der Böden für die Naturgeschichte 2005 (Umweltatlas)	?id=k01_12_05archiv2005@senstadt&type=WMS
Archivfunktion der Böden für die Naturgeschichte 2010 (Umweltatlas)	?id=k01_12_05archiv2010@senstadt&type=WMS
Art der Kanalisation 2001 (Umweltatlas)	?id=kanart2001@senstadt&type=WMS
Art der Kanalisation 2005 (Umweltatlas)	?id=k02_09_01artk@senstadt&type=WMS
Art der Kanalisation 2006 (Umweltatlas)	?id=k02_09_1artkan2006@senstadt&type=WMS
Art der Kanalisation 2012 (Umweltatlas)	?id=k02_09_1artkan2012@senstadt&type=WMS
ATKIS® Basis-DLM - Präsentationsmodell	?id=wmsk_atkis@senstadt&type=WMS
Aufgrabeverbote in Berlin	?id=wmsk_aufgrabeverbote@senstadt&type=WMS
Ausländer 2004 - arabische Staatsbürger	?id=MsozSarab2004@senstadt&type=WMS
Ausländer 2004 - aus GUS-Staaten	?id=MsozSGUS2004@senstadt&type=WMS
Ausländer 2004 - aus Jugoslawien und dessen Nachfolgestaaten	?id=MsozSJugo2004@senstadt&type=WMS
Ausländer 2004 - polnische Staatsbürger	?id=MsozSPol2004@senstadt&type=WMS
Ausländer 2004 - Staatsbürger aus den neuen Beitrittsländern der EU	?id=MsozS_neueEU2002@senstadt&type=WMS
Ausländer 2004 - Staatsbürger aus EU-Staaten	?id=MsozSEU2004@senstadt&type=WMS
Ausländer 2004 - türkische Staatsbürger	?id=MsozSTK2004@senstadt&type=WMS
Ausländer 2006 (LOR) - arabische Staatsbürger	?id=MsozS_E5_2006LOR@senstadt&type=WMS
Ausländer 2006 (LOR) - aus GUS-Staaten	?id=MsozS_E6_2006LOR@senstadt&type=WMS
Ausländer 2006 (LOR) - aus Jugoslawien und dessen Nachfolgestaaten	?id=MsozS_E7_2006LOR@senstadt&type=WMS
Ausländer 2006 (LOR) - polnische Staatsbürger	?id=MsozS_E10_2006LOR@senstadt&type=WMS
Ausländer 2006 (LOR) - Staatsbürger aus den neuen Beitrittsländern der EU	?id=MsozS_E9_2006LOR@senstadt&type=WMS
Ausländer 2006 (LOR) - Staatsbürger aus EU-Staaten	?id=MsozS_E8_2006LOR@senstadt&type=WMS
Ausländer 2006 (LOR) - türkische Staatsbürger	?id=MsozS_E4_2006LOR@senstadt&type=WMS
Ausländer 2007 (LOR) - aus den GUS-Staaten	?id=MsozS_E10_2007LOR@senstadt&type=WMS
Ausländer 2007 (LOR) - aus Jugoslawien und dessen Nachfolgestaaten	?id=MsozS_E11_2007LOR@senstadt&type=WMS
Ausländer 2007 (LOR) - polnische Staatsbürger	?id=MsozS_E14_2007LOR@senstadt&type=WMS
Ausländer 2007 (LOR) - Staatsbürger aus (15) EU-Staaten	?id=MsozS_E12_2007LOR@senstadt&type=WMS
Ausländer 2007 (LOR) - Staatsbürger aus den neuen (12) EU-Beitrittsländern	?id=MsozS_E13_2007LOR@senstadt&type=WMS
Ausländer 2007 (LOR) - türkische Staatsbürger	?id=MsozS_E8_2007LOR@senstadt&type=WMS
Ausländer 2007 (LOR)- arabische Staatsbürger	?id=MsozS_E9_2007LOR@senstadt&type=WMS
Ausländer 2007 (LOR)- Staatsbürger aus allen 27-EU-Staaten	?id=MsozS_E15_2007LOR@senstadt&type=WMS
Ausländer 2007 - arabische Staatsbürger	?id=MsozS_E9_2007Vz@senstadt&type=WMS
Ausländer 2007 - aus den GUS-Staaten	?id=MsozS_E10_2007Vz@senstadt&type=WMS
Ausländer 2007 - aus Jugoslawien und dessen Nachfolgestaaten	?id=MsozS_E11_2007Vz@senstadt&type=WMS
Ausländer 2007 - polnische Staatsbürger	?id=MsozS_E14_2007Vz@senstadt&type=WMS
Ausländer 2007 - Staatsbürger aus (15) EU-Staaten	?id=MsozS_E12_2007Vz@senstadt&type=WMS
Ausländer 2007 - Staatsbürger aus allen 27-EU-Staaten	?id=MsozS_E15_2007Vz@senstadt&type=WMS
Ausländer 2007 - Staatsbürger aus den neuen (12) EU-Beitrittsländern	?id=MsozS_E13_2007Vz@senstadt&type=WMS
Ausländer 2007 - türkische Staatsbürger	?id=MsozS_E8_2007Vz@senstadt&type=WMS
Ausländer 2008 (LOR) - aus den GUS-Staaten	?id=MsozS_E13_2008LOR@senstadt&type=WMS
Ausländer 2008 (LOR) - aus Jugoslawien und dessen Nachfolgestaaten	?id=MsozS_E14_2008LOR@senstadt&type=WMS
Ausländer 2008 (LOR) - polnische Staatsbürger	?id=MsozS_E17_2008LOR@senstadt&type=WMS
Ausländer 2008 (LOR) - Staatsbürger aus (15) EU-Staaten	?id=MsozS_E15_2008LOR@senstadt&type=WMS
Ausländer 2008 (LOR) - Staatsbürger aus den neuen (12) EU-Beitrittsländern	?id=MsozS_E16_2008LOR@senstadt&type=WMS
Ausländer 2008 (LOR) - türkische Staatsbürger	?id=MsozS_E11_2008LOR@senstadt&type=WMS
Ausländer 2008 (LOR)- arabische Staatsbürger	?id=MsozS_E12_2008LOR@senstadt&type=WMS
Ausländer 2008 (LOR)- Staatsbürger aus allen 27-EU-Staaten	?id=MsozS_E18_2008LOR@senstadt&type=WMS
Ausländer 2009 (LOR) - arabische Staatsbürger	?id=MsozS_E12_2009LOR@senstadt&type=WMS
Ausländer 2009 (LOR) - aus den GUS-Staaten	?id=MsozS_E13_2009LOR@senstadt&type=WMS
Ausländer 2009 (LOR) - aus Jugoslawien und dessen Nachfolgestaaten	?id=MsozS_E14_2009LOR@senstadt&type=WMS
Ausländer 2009 (LOR) - polnische Staatsbürger	?id=MsozS_E17_2009LOR@senstadt&type=WMS
Ausländer 2009 (LOR) - Staatsbürger aus (15) EU-Staaten	?id=MsozS_E15_2009LOR@senstadt&type=WMS
Ausländer 2009 (LOR) - Staatsbürger aus allen 27- EU-Staaten	?id=MsozS_E18_2009LOR@senstadt&type=WMS
Ausländer 2009 (LOR) - Staatsbürger aus den neuen (12) EU-Beitrittsländern	?id=MsozS_E16_2009LOR@senstadt&type=WMS
Ausländer 2009 (LOR) - türkische Staatsbürger	?id=MsozS_E11_2009LOR@senstadt&type=WMS
Ausländer 2010 (LOR) - arabische Staatsbürger	?id=MsozS_E12_2010LOR@senstadt&type=WMS
Ausländer 2010 (LOR) - aus den GUS-Staaten	?id=MsozS_E13_2010LOR@senstadt&type=WMS
Ausländer 2010 (LOR) - aus Jugoslawien und dessen Nachfolgestaaten	?id=MsozS_E14_2010LOR@senstadt&type=WMS
Ausländer 2010 (LOR) - polnische Staatsbürger	?id=MsozS_E17_2010LOR@senstadt&type=WMS
Ausländer 2010 (LOR) - Staatsbürger aus (15) EU-Staaten	?id=MsozS_E15_2010LOR@senstadt&type=WMS
Ausländer 2010 (LOR) - Staatsbürger aus allen 27 - EU-Staaten	?id=MsozS_E18_2010LOR@senstadt&type=WMS
Ausländer 2010 (LOR) - Staatsbürger aus den neuen (12) EU-Beitrittsländern	?id=MsozS_E16_2010LOR@senstadt&type=WMS
Ausländer 2010 (LOR) - türkische Staatsbürger	?id=MsozS_E11_2010LOR@senstadt&type=WMS
Ausländeranteil 2004	?id=MsozSAusl2004@senstadt&type=WMS
Ausländeranteil 2006 (LOR)	?id=MsozS_E3_2006LOR@senstadt&type=WMS
Ausländeranteil 2007	?id=MsozS_E5_2007Vz@senstadt&type=WMS
Ausländeranteil 2007 (LOR)	?id=MsozS_E5_2007LOR@senstadt&type=WMS
Ausländeranteil 2008 (LOR)	?id=MsozS_E7_2008LOR@senstadt&type=WMS
Ausländeranteil 2009 (LOR)	?id=MsozS_E7_2009LOR@senstadt&type=WMS
Ausländeranteil 2010 (LOR)	?id=MsozS_E7_2010LOR@senstadt&type=WMS
Ausländeranteil: Veränderung 2011-2012 (LOR)	?id=MsozS_K06_2012@senstadt&type=WMS
Ausländeranteil: Veränderung 2011-2012 (LOR) - V 2	?id=MsozS_K06_V2_2012@senstadt&type=WMS
Ausländische Empfänger von Existenzsicherungsleistungen 2008 (LOR)	?id=MsozS_E23_auslEmpfESL2008LOR@senstadt&type=WMS
Ausländische Empfänger von Existenzsicherungsleistungen 2009 (LOR)	?id=MsozS_E23_2009LOR@senstadt&type=WMS
Ausländische Empfänger von Existenzsicherungsleistungen 2010 (LOR)	?id=MsozS_E23_2010LOR@senstadt&type=WMS
Ausländische Empfänger von Existenzsicherungsleistungen: Veränderung 2007	?id=MsozS_D5_VauslEmpfESL2007Vz@senstadt&type=WMS
Ausländische Empfänger von Existenzsicherungsleistungen: Veränderung 2007 (LOR)	?id=MsozS_D5_VauslEmpfESL2007LOR@senstadt&type=WMS
Ausländische Empfänger von Existenzsicherungsleistungen: Veränderung 2008 (LOR)	?id=MsozS_D5_VauslEmpfESL2008LOR@senstadt&type=WMS
Ausländische Empfänger von Existenzsicherungsleistungen: Veränderung 2009 (LOR)	?id=MsozS_D5_VauslEmpfESL2009LOR@senstadt&type=WMS
Ausländische Empfänger von Existenzsicherungsleistungen: Veränderung 2010 (LOR)	?id=MsozS_D5_VauslEmpfESL2010LOR@senstadt&type=WMS
Ausländische Empfänger von Existenzsicherungsleistungen:Veränderung 2006	?id=MsozS_VauslEmpfESL2006@senstadt&type=WMS
Ausländische Kinder und Jugendliche 2007	?id=MsozS_S6_EWu182007Vz@senstadt&type=WMS
Ausländische Kinder und Jugendliche 2007 (LOR)	?id=MsozS_S6_EWu182007LOR@senstadt&type=WMS
Ausländische Kinder und Jugendliche 2008 (LOR)	?id=MsozS_E9_Kinderu182008LOR@senstadt&type=WMS
Ausländische Kinder und Jugendliche 2009  (LOR)	?id=MsozS_E9_2009LOR@senstadt&type=WMS
Ausländische Kinder und Jugendliche 2010 (LOR)	?id=MsozS_E9_2010LOR@senstadt&type=WMS
Ausländische Kinder und Jugendliche unter 18 Jahren 2006	?id=MsozSEWu18_2006@senstadt&type=WMS
Ausländische Kinder und Jugendliche unter 18 Jahren 2006 (LOR)	?id=MsozSEWu18_2006LOR@senstadt&type=WMS
Ausländische Transferbeziehende (SGB II) 2012 (LOR)	?id=MsozS_K07_2012@senstadt&type=WMS
Ausländische Transferbeziehende (SGB II) 2012 (LOR) - V 2	?id=MsozS_K07_V2_2012@senstadt&type=WMS
Austauschhäufigkeit des Bodenwassers 2001 (Umweltatlas)	?id=kb01_11_04austau@senstadt&type=WMS
Austauschhäufigkeit des Bodenwassers 2005 (Umweltatlas)	?id=k01_11_04austau2005@senstadt&type=WMS
Austauschhäufigkeit des Bodenwassers 2010 (Umweltatlas)	?id=k01_11_04austau2010@senstadt&type=WMS
Auswahl geschützter Festpunkte von Berlin	?id=k_festpunkte@senstadt&type=WMS
Baugenehmigungsbehörden	?id=baugenehm@senstadt&type=WMS
Baugrundkarte	?id=k_baugrund@senstadt&type=WMS
Baumbestand Berlin	?id=k_wfs_baumbestand@senstadt&type=WMS
Baunutzungsplan	?id=bnp@senstadt&type=WMS
Bebauungspläne, vorhabenbezogene Bebauungspläne (Geltungsbereiche)	?id=bplan@senstadt&type=WMS
Begräbnisorte der Opfer von Krieg und Gewaltherrschaft	?id=okg@senstadt&type=WMS
Berlin um 1650	?id=berlin1650@senstadt&type=WMS
Berlin um 1690	?id=berlin1690@senstadt&type=WMS
Berlin um 1750	?id=berlin1750@senstadt&type=WMS
Berlin um 1800	?id=berlin1800@senstadt&type=WMS
Berlin um 1850	?id=berlin1850@senstadt&type=WMS
Berlin um 1880	?id=berlin1880@senstadt&type=WMS
Berlin um 1900 (AISBer)	?id=berlin1900@senstadt&type=WMS
Berlin um 1910	?id=berlin1910@senstadt&type=WMS
Berlin um 1940	?id=berlin1940@senstadt&type=WMS
Berlin um 1986	?id=berlin1986@senstadt&type=WMS
Berlin-Zoom	?id=berlinzoom@senstadt&type=WMS
Berliner Barnim - Naherholungsgebiet, Leitbild Landschaftsentwicklung	?id=k_barnim@senstadt&type=WMS
Beschäftigte, sozialversicherungspflichtig: 2004	?id=MsozSBeschaeftigte2004@senstadt&type=WMS
Beschäftigte, sozialversicherungspflichtig: Veränderung 2003-2004	?id=MsozSBeschaeftigte_V0304@senstadt&type=WMS
Besondere naturräumliche Eigenart der Böden 2001 (Umweltatlas)	?id=kb01_11_02eigen@senstadt&type=WMS
Besondere naturräumliche Eigenart der Böden 2005 (Umweltatlas)	?id=k01_11_02eigen2005@senstadt&type=WMS
Besondere naturräumliche Eigenart der Böden 2010 (Umweltatlas)	?id=k01_11_02eigen2010@senstadt&type=WMS
Bildung: Schüler nichtdeutscher Herkunftssprache Schuljahr 2003/2004	?id=MsozS_Schueler_ndH03_04@senstadt&type=WMS
Bildungsgangempfehlung: Gymnasium Schuljahr 2003/2004	?id=MsozS_BildungGym03_04@senstadt&type=WMS
Bildungsgangempfehlung: Hauptschule Schuljahr 2003/2004	?id=MsozS_BildungHauptschule03_04@senstadt&type=WMS
Bindungsstärke der Böden für Schwermetalle 2001 (Umweltatlas)	?id=kb01_11_10bindung@senstadt&type=WMS
Bindungsstärke der Böden für Schwermetalle 2005 (Umweltatlas)	?id=k01_11_10bindung2005@senstadt&type=WMS
Bindungsstärke der Böden für Schwermetalle 2010 (Umweltatlas)	?id=k01_11_10bindung2010@senstadt&type=WMS
Bioklima - Wärmebelastung in der Nacht 2005 (Umweltatlas)	?id=k04_09bioklima04uhr2005@senstadt&type=WMS
Biotoptypen (Umweltatlas)	?id=k_fb_berlinbtk@senstadt&type=WMS
Biotoptypen: Biotopwerte (Umweltatlas)	?id=k_fb_btwert@senstadt&type=WMS
Biotoptypen: Datenquellen (Umweltatlas)	?id=k_fb_gsmtdatquelle@senstadt&type=WMS
Biotoptypen: Gesetzlich geschützte Biotope (Umweltatlas)	?id=k_fb_p26@senstadt&type=WMS
Biotoptypen: Lebensraumtypen FFH (Fauna-Flora-Habitat-Richtlinie)(Umweltatlas)	?id=k_fb_ffh@senstadt&type=WMS
Blatteinteilung der Landeskartenwerke	?id=blatt@senstadt&type=WMS
Blockkarte 1:5000 (ISU5)	?id=ISU5@senstadt&type=WMS
Blockkarte 1:5000 (ISU5, Raumbezug Umweltatlas 2005)	?id=ISU5_2005_UA@senstadt&type=WMS
Blockkarte 1:5000 (ISU5, Raumbezug Umweltatlas 2010)	?id=ISU5_2010_UA@senstadt&type=WMS
Blockkarte 1:50000 (ISU50, Raumbezug Umweltatlas 2010)	?id=ISU50_2010_UA@senstadt&type=WMS
Bodenarten 2001 (Umweltatlas)	?id=kb01_06_01bodart@senstadt&type=WMS
Bodenarten 2005 (Umweltatlas)	?id=k01_06_01bodart2005@senstadt&type=WMS
Bodenarten 2010 (Umweltatlas)	?id=k01_06_01bodart2010@senstadt&type=WMS
Bodengesellschaften 1990 (Umweltatlas)	?id=boges@senstadt&type=WMS
Bodengesellschaften 2001 (Umweltatlas)	?id=boges2001@senstadt&type=WMS
Bodengesellschaften 2005 (Umweltatlas)	?id=k01_01boges2005@senstadt&type=WMS
Bodengesellschaften 2010 (Umweltatlas)	?id=k01_01boges2010@senstadt&type=WMS
Bodenkundliche Kartierungen - Übersicht	?id=bgacht2014@senstadt&type=WMS
Bodenrichtwerte 01.01.2002	?id=brw_2002_amtlich@senstadt&type=WMS
Bodenrichtwerte 01.01.2003	?id=brw_2003_amtlich@senstadt&type=WMS
Bodenrichtwerte 01.01.2004	?id=brw_2004_amtlich@senstadt&type=WMS
Bodenrichtwerte 01.01.2005	?id=brw_2005_amtlich@senstadt&type=WMS
Bodenrichtwerte 01.01.2006	?id=brw_2006_amtlich@senstadt&type=WMS
Bodenrichtwerte 01.01.2007	?id=brw_2007_amtlich@senstadt&type=WMS
Bodenrichtwerte 01.01.2008	?id=brw_2008_amtlich@senstadt&type=WMS
Bodenrichtwerte 01.01.2009	?id=brw_2009_amtlich@senstadt&type=WMS
Bodenrichtwerte 01.01.2010	?id=brw_2010_amtlich@senstadt&type=WMS
Bodenrichtwerte 01.01.2011	?id=brw_2011_amtlich@senstadt&type=WMS
Bodenrichtwerte 01.01.2012	?id=brw_2012_amtlich@senstadt&type=WMS
Bodenrichtwerte 01.01.2013	?id=brw_2013_amtlich@senstadt&type=WMS
Bodenrichtwerte 01.01.2014	?id=brw_2014_amtlich@senstadt&type=WMS
Bodenrichtwerte 01.01.2015	?id=brw_2015_amtlich@senstadt&type=WMS
Bodenrichtwerte 01.01.2016	?id=brw_2016_amtlich@senstadt&type=WMS
Brennstoffeinsatz bedeutender Heiz- und Kraftwerke 2000 (Umweltatlas)	?id=heizwerk2004@senstadt&type=WMS
Brennstoffeinsatz bedeutender Heiz- und Kraftwerke 2004 (Umweltatlas)	?id=k08_02_02heizwerk2004@senstadt&type=WMS
Brennstoffeinsatz genehmigungsbedürftiger Feuerungsanlagen 2008 (Umweltatlas)	?id=k08_07_1anlagen11bimschv2008@senstadt&type=WMS
Brennstoffeinsatz genehmigungsbedürftiger Feuerungsanlagen 2012 (Umweltatlas)	?id=k08_07_1anlagen11bimschv2012@senstadt&type=WMS
Bundesfernstraßen Berlin	?id=bundesfernstr@senstadt&type=WMS
Bundeshauptstadt Berlin	?id=TK10_BHB@senstadt&type=WMS
Clusteranalyse 2006	?id=MsozScluster2006@senstadt&type=WMS
Clusterkarte 2004	?id=MsozScluster2004@senstadt&type=WMS
Denkmalkarte Berlin	?id=denkmal@senstadt&type=WMS
Detailnetz Berlin	?id=k_vms_detailnetz_wms_spatial@senstadt&type=WMS
Deutsche Empfänger von Existenzsicherungsleistungen 2008 (LOR)	?id=MsozS_E22_dtEmpfESL2008LOR@senstadt&type=WMS
Deutsche Empfänger von Existenzsicherungsleistungen 2009 (LOR)	?id=MsozS_E22_2009LOR@senstadt&type=WMS
Deutsche Empfänger von Existenzsicherungsleistungen 2010 (LOR)	?id=MsozS_E22_2010LOR@senstadt&type=WMS
Deutsche Empfänger von Existenzsicherungsleistungen: Veränderung 2007	?id=MsozS_D4_VdtEmpfESL2007Vz@senstadt&type=WMS
Deutsche Empfänger von Existenzsicherungsleistungen: Veränderung 2007 (LOR)	?id=MsozS_D4_VdtEmpfESL2007LOR@senstadt&type=WMS
Deutsche Empfänger von Existenzsicherungsleistungen: Veränderung 2008 (LOR)	?id=MsozS_D4_VdtEmpfESL2008LOR@senstadt&type=WMS
Deutsche Empfänger von Existenzsicherungsleistungen: Veränderung 2009 (LOR)	?id=MsozS_D4_VdtEmpfESL2009LOR@senstadt&type=WMS
Deutsche Empfänger von Existenzsicherungsleistungen: Veränderung 2010 (LOR)	?id=MsozS_D4_VdtEmpfESL2010LOR@senstadt&type=WMS
Deutsche Empfänger von Existenzsicherungsleistungen:Veränderung 2006	?id=MsozS_VdtEmpfESL2006@senstadt&type=WMS
Digitale Color-Infrarot-Orthophotos 2010 (DOP20CIR)	?id=k_luftbild2010_cir@senstadt&type=WMS
Digitale Color-Infrarot-Orthophotos 2015 (DOP20CIR)	?id=k_luftbild2015_cir@senstadt&type=WMS
Digitale farbige Orthophotos 2004 (DOP25RGB)	?id=luftbild2004@senstadt&type=WMS
Digitale farbige Orthophotos 2007 (DOP20RGB)	?id=k_luftbild2007@senstadt&type=WMS
Digitale farbige Orthophotos 2009 (DOP20RGB)	?id=k_luftbild2009_20@senstadt&type=WMS
Digitale farbige Orthophotos 2010 (DOP20RGB)	?id=k_luftbild2010_rgb@senstadt&type=WMS
Digitale farbige Orthophotos 2011 (DOP20RGB)	?id=k_luftbild2011_20@senstadt&type=WMS
Digitale farbige Orthophotos 2014 (DOP20RGB)	?id=k_luftbild2014@senstadt&type=WMS
Digitale farbige Orthophotos 2015 (DOP20RGB)	?id=k_luftbild2015_rgb@senstadt&type=WMS
Digitale Schwarz-Weiß-Orthophotos 2002 (DOP40PAN)	?id=k_luftbild2002@senstadt&type=WMS
Digitale Schwarz-Weiß-Orthophotos 2006 (DOP15PAN)	?id=luftbild2006@senstadt&type=WMS
Digitale Topographische Karte 1: 10 000 (DTK10)	?id=k_dtk10@senstadt&type=WMS
Digitale Topographische Karte 1: 100 000 (DTK100)	?id=k_dtk100@senstadt&type=WMS
Digitale Topographische Karte 1: 25 000 (DTK25)	?id=k_dtk25@senstadt&type=WMS
Digitale Topographische Karte 1: 50 000 (DTK50)	?id=k_dtk50@senstadt&type=WMS
Dynamikindex 2013	?id=MsozS_DI_2013@senstadt&type=WMS
Einfache Wohnlage (einschl. Lärmbelastung) 2012 (LOR)	?id=MsozS_K09_2012@senstadt&type=WMS
Einwohnerdichte 1994 (Umweltatlas)	?id=ewdichte95@senstadt&type=WMS
Einwohnerdichte 2004 (Umweltatlas)	?id=ewdichte04_tb@senstadt&type=WMS
Einwohnerdichte 2005 (Umweltatlas)	?id=ewdichte05_tb@senstadt&type=WMS
Einwohnerdichte 2006 (Umweltatlas)	?id=k06_06ewdichte2006@senstadt&type=WMS
Einwohnerdichte 2007 (Umweltatlas)	?id=k06_06ewdichte2007@senstadt&type=WMS
Einwohnerdichte 2008 (Umweltatlas)	?id=k06_06ewdichte2008@senstadt&type=WMS
Einwohnerdichte 2009 (Umweltatlas)	?id=k06_06ewdichte2009@senstadt&type=WMS
Einwohnerdichte 2010 (Umweltatlas)	?id=k06_06ewdichte2010@senstadt&type=WMS
Einwohnerdichte 2011 (Umweltatlas)	?id=k06_06ewdichte2011@senstadt&type=WMS
Einwohnerdichte 2012 (Umweltatlas)	?id=k06_06ewdichte2012@senstadt&type=WMS
Einwohnerdichte 2013 (Umweltatlas)	?id=k06_06ewdichte2013@senstadt&type=WMS
Einwohnerdichte 2014 (Umweltatlas)	?id=k06_06ewdichte2014@senstadt&type=WMS
Einwohnerentwicklung 1996/2000	?id=ewentw9600@senstadt&type=WMS
Einwohnerinnen und Einwohner mit Migrationshintergrund 2007	?id=MsozS_E6_2007Vz@senstadt&type=WMS
Einwohnerinnen und Einwohner mit Migrationshintergrund 2007 (LOR)	?id=MsozS_E6_2007LOR@senstadt&type=WMS
Einwohnerinnen und Einwohner mit Migrationshintergrund 2008 (LOR)	?id=MsozS_E8_2008LOR@senstadt&type=WMS
Einwohnerinnen und Einwohner mit Migrationshintergrund 2009 (LOR)	?id=MsozS_E8_2009LOR@senstadt&type=WMS
Einwohnerinnen und Einwohner mit Migrationshintergrund 2010 (LOR)	?id=MsozS_E8_2010LOR@senstadt&type=WMS
Einwohnerinnen und Einwohner mit Migrationshintergrund 2012 (LOR)	?id=MsozS_K05_2012@senstadt&type=WMS
Einwohnerinnen und Einwohner mit Migrationshintergrund 2012 (LOR) - V 2	?id=MsozS_K05_V2_2012@senstadt&type=WMS
Einzugsgebiete der Regenwasserkanalisation 2001 (Umweltatlas)	?id=regeneinzug2001@senstadt&type=WMS
Einzugsgebiete der Regenwasserkanalisation 2005 (Umweltatlas)	?id=k02_09_02reg@senstadt&type=WMS
Einzugsgebiete der Regenwasserkanalisation 2006 (Umweltatlas)	?id=k02_09_2rkan2006@senstadt&type=WMS
Einzugsgebiete der Regenwasserkanalisation 2012 (Umweltatlas)	?id=k02_09_2rkan2012@senstadt&type=WMS
Einzugsgebiete der Regenwasserkanalisation differenziert 2012 (Umweltatlas)	?id=k02_09_21rkd2012@senstadt&type=WMS
Empfänger nach dem Grundsicherungsgesetz 2004	?id=MsozS_Grundsicherung2004@senstadt&type=WMS
Entsiegelungspotenziale (Umweltatlas)	?id=wmsk_entsiegelungspotenziale@senstadt&type=WMS
Entwicklung Luftqualität - Immissionen (Umweltatlas)	?id=messpunkte@senstadt&type=WMS
Entwicklung Luftqualität NOx-Emissionen Hausbrand 1989 (Umweltatlas)	?id=emi_nox_haus1989@senstadt&type=WMS
Entwicklung Luftqualität NOx-Emissionen Hausbrand 1994 (Umweltatlas)	?id=emi_nox_haus1994@senstadt&type=WMS
Entwicklung Luftqualität NOx-Emissionen Hausbrand 2002 (Umweltatlas)	?id=emi_nox_haus2002@senstadt&type=WMS
Entwicklung Luftqualität NOx-Emissionen Hausbrand 2005 (Umweltatlas)	?id=k03_12_03_4noxemihaus2005@senstadt&type=WMS
Entwicklung Luftqualität NOx-Emissionen Hausbrand 2009 (Umweltatlas)	?id=k03_12_03_5noxemihaus2009@senstadt&type=WMS
Entwicklung Luftqualität NOx-Emissionen Industrie 1989 (Umweltatlas)	?id=emi_nox_ind1989@senstadt&type=WMS
Entwicklung Luftqualität NOx-Emissionen Industrie 1994 (Umweltatlas)	?id=emi_nox_ind1994@senstadt&type=WMS
Entwicklung Luftqualität NOx-Emissionen Industrie 2002 (Umweltatlas)	?id=emi_nox_ind2002@senstadt&type=WMS
Entwicklung Luftqualität NOx-Emissionen Industrie 2004 (Umweltatlas)	?id=k03_12_04_4noxemiindustrie2005@senstadt&type=WMS
Entwicklung Luftqualität NOx-Emissionen Industrie 2008 (Umweltatlas)	?id=k03_12_04_5noxemiindustrie2008@senstadt&type=WMS
Entwicklung Luftqualität NOx-Emissionen Kfz-Verkehr GN 1989 (Umweltatlas)	?id=emi_nox_verkehr1989@senstadt&type=WMS
Entwicklung Luftqualität NOx-Emissionen Kfz-Verkehr GN 1994 (Umweltatlas)	?id=emi_nox_verkehr1994@senstadt&type=WMS
Entwicklung Luftqualität NOx-Emissionen Kfz-Verkehr GN 2002 (Umweltatlas)	?id=emi_nox_verkehr2002@senstadt&type=WMS
Entwicklung Luftqualität NOx-Emissionen Kfz-Verkehr GN 2005 (Umweltatlas)	?id=k03_12_05_4noxemiverkehr2005@senstadt&type=WMS
Entwicklung Luftqualität NOx-Emissionen Kfz-Verkehr GN 2009 (Umweltatlas)	?id=k03_12_05_5noxemiverkehrges2009@senstadt&type=WMS
Entwicklung Luftqualität NOx-Emissionen Kfz-Verkehr HN 2009 (Umweltatlas)	?id=k03_12_05_5_1noxemiverkehrhaupt2009@senstadt&type=WMS
Entwicklung Luftqualität NOx-Emissionen Kfz-Verkehr NN 2009 (Umweltatlas)	?id=k03_12_05_5_2noxemiverkehrneben2009@senstadt&type=WMS
Entwicklung Luftqualität NOx-Gesamtemissionen 1989 (Umweltatlas)	?id=emi_nox_all1989@senstadt&type=WMS
Entwicklung Luftqualität NOx-Gesamtemissionen 1994 (Umweltatlas)	?id=emi_nox_all1994@senstadt&type=WMS
Entwicklung Luftqualität NOx-Gesamtemissionen 2002 (Umweltatlas)	?id=emi_nox_all2002@senstadt&type=WMS
Entwicklung Luftqualität NOx-Gesamtemissionen 2005 (Umweltatlas)	?id=k03_12_02_4noxemigesamt2005@senstadt&type=WMS
Entwicklung Luftqualität NOx-Gesamtemissionen 2008/2009 (Umweltatlas)	?id=k03_12_02_5noxemigesamt2009@senstadt&type=WMS
Entwicklung Luftqualität PM10-Emissionen Hausbrand 2009 (Umweltatlas)	?id=k03_12_11_1pm10haus2009@senstadt&type=WMS
Entwicklung Luftqualität PM10-Emissionen Industrie 2008 (Umweltatlas)	?id=k03_12_12_1pm10emiindustrie2009@senstadt&type=WMS
Entwicklung Luftqualität PM10-Emissionen Kfz-Verkehr GN 2009 (Umweltatlas)	?id=k03_12_13_1pm10verkehr_gesamt2009@senstadt&type=WMS
Entwicklung Luftqualität PM10-Emissionen Kfz-Verkehr HN 2009 (Umweltatlas)	?id=k03_12_13_1_1pm10verkehr_haupt2009@senstadt&type=WMS
Entwicklung Luftqualität PM10-Emissionen Kfz-Verkehr NN 2009 (Umweltatlas)	?id=k03_12_13_1_2pm10verkehr_neben2009@senstadt&type=WMS
Entwicklung Luftqualität PM10-Gesamtemissionen 2008/2009 (Umweltatlas)	?id=k03_12_10_1pm10emigesamt2009@senstadt&type=WMS
Entwicklung Luftqualität PM2,5-Emissionen Hausbrand 2009 (Umweltatlas)	?id=k03_12_15_1pm25emihaus2009@senstadt&type=WMS
Entwicklung Luftqualität PM2,5-Emissionen Industrie 2008 (Umweltatlas)	?id=k03_12_16_1pm25emiindustrie2009@senstadt&type=WMS
Entwicklung Luftqualität PM2,5-Emissionen Kfz-Verkehr GN 2009 (Umweltatlas)	?id=k03_12_17_1pm25verkehr_gesamt2009@senstadt&type=WMS
Entwicklung Luftqualität PM2,5-Emissionen Kfz-Verkehr HN 2009 (Umweltatlas)	?id=k03_12_17_1_1pm25verkehr_haupt2009@senstadt&type=WMS
Entwicklung Luftqualität PM2,5-Emissionen Kfz-Verkehr NN 2009 (Umweltatlas)	?id=k03_12_17_1_2pm25verkehr_neben2009@senstadt&type=WMS
Entwicklung Luftqualität PM2,5-Gesamtemissionen 2008/2009 (Umweltatlas)	?id=k03_12_14_1pm25emigesamt2009@senstadt&type=WMS
Entwicklung Luftqualität SO2-Emissionen Hausbrand 1989 (Umweltatlas)	?id=emi_so2_haus1989@senstadt&type=WMS
Entwicklung Luftqualität SO2-Emissionen Hausbrand 1994 (Umweltatlas)	?id=emi_so2_haus1994@senstadt&type=WMS
Entwicklung Luftqualität SO2-Emissionen Hausbrand 2002 (Umweltatlas)	?id=emi_so2_haus2002@senstadt&type=WMS
Entwicklung Luftqualität SO2-Emissionen Hausbrand 2005 (Umweltatlas)	?id=k03_12_07_4so2emihaus2005@senstadt&type=WMS
Entwicklung Luftqualität SO2-Emissionen Industrie 1989 (Umweltatlas)	?id=emi_so2_ind1989@senstadt&type=WMS
Entwicklung Luftqualität SO2-Emissionen Industrie 1994 (Umweltatlas)	?id=emi_so2_ind1994@senstadt&type=WMS
Entwicklung Luftqualität SO2-Emissionen Industrie 2002 (Umweltatlas)	?id=emi_so2_ind2002@senstadt&type=WMS
Entwicklung Luftqualität SO2-Emissionen Industrie 2004 (Umweltatlas)	?id=k03_12_08_4so2emiindustrie2005@senstadt&type=WMS
Entwicklung Luftqualität SO2-Emissionen Kfz-Verkehr 1989 (Umweltatlas)	?id=emi_so2_verkehr1989@senstadt&type=WMS
Entwicklung Luftqualität SO2-Emissionen Kfz-Verkehr 1994 (Umweltatlas)	?id=emi_so2_verkehr1994@senstadt&type=WMS
Entwicklung Luftqualität SO2-Emissionen Kfz-Verkehr 2002 (Umweltatlas)	?id=emi_so2_verkehr2002@senstadt&type=WMS
Entwicklung Luftqualität SO2-Emissionen Kfz-Verkehr 2005 (Umweltatlas)	?id=k03_12_09_4so2emiverkehr2005@senstadt&type=WMS
Entwicklung Luftqualität SO2-Gesamtemissionen 1989 (Umweltatlas)	?id=emi_so2_all1989@senstadt&type=WMS
Entwicklung Luftqualität SO2-Gesamtemissionen 1994 (Umweltatlas)	?id=emi_so2_all1994@senstadt&type=WMS
Entwicklung Luftqualität SO2-Gesamtemissionen 2002 (Umweltatlas)	?id=emi_so2_all2002@senstadt&type=WMS
Entwicklung Luftqualität SO2-Gesamtemissionen 2005 (Umweltatlas)	?id=k03_12_06_4so2emigesamt2005@senstadt&type=WMS
Entwicklungsbereiche und Stand ihrer Entlassung aus dem Entwicklungsrecht	?id=k_entwicklungsbereiche@senstadt&type=WMS
Entwicklungsindex Soziale Stadtentwicklung 2007	?id=MsozS_EI2007@senstadt&type=WMS
Entwicklungsindex Soziale Stadtentwicklung 2008	?id=MsozS_EI2008Vz@senstadt&type=WMS
Entwicklungsindex Soziale Stadtentwicklung 2008 (LOR)	?id=MsozS_EI2008LOR@senstadt&type=WMS
Entwicklungsindex Soziale Stadtentwicklung 2009 (LOR)	?id=MsozS_EI2009LOR@senstadt&type=WMS
Entwicklungsindex Soziale Stadtentwicklung 2010 (LOR)	?id=MsozS_EI_2010LOR@senstadt&type=WMS
Entwicklungsindex Soziale Stadtentwicklung 2011 (LOR)	?id=MsozS_EI_2011LOR@senstadt&type=WMS
Erhaltungsbereiche Gasbeleuchtung	?id=k_gaserhaltung@senstadt&type=WMS
Erhaltungssatzungsgebiete § 172 BauGB	?id=k_erhaltgeb@senstadt&type=WMS
Ertragsfunktion der Böden für Kulturpflanzen 2001 (Umweltatlas)	?id=kb01_12_02ertrag@senstadt&type=WMS
Ertragsfunktion der Böden für Kulturpflanzen 2005 (Umweltatlas)	?id=k01_12_02ertrag2005@senstadt&type=WMS
Fahrradverkehr - Baumaßnahmen zur Verbesserung der Radverkehrsinfrastruktur 2011	?id=k_radausbau_2011@senstadt&type=WMS
Fahrradverkehr - Baumaßnahmen zur Verbesserung der Radverkehrsinfrastruktur 2012	?id=k_radausbau@senstadt&type=WMS
Fahrradwege	?id=radwege@senstadt&type=WMS
Filtervermögen der Böden 2001 (Umweltatlas)	?id=kb01_11_09filter@senstadt&type=WMS
Filtervermögen der Böden 2005 (Umweltatlas)	?id=k01_11_09filter2005@senstadt&type=WMS
Filtervermögen der Böden 2010 (Umweltatlas)	?id=k01_11_09filter2010@senstadt&type=WMS
Fischfauna 2002 (Umweltatlas)	?id=k02_08_1fisch2002@senstadt&type=WMS
Fischfauna 2013 (Umweltatlas)	?id=k02_08fisch2013@senstadt&type=WMS
Fluglärmschutzbereiche 2007  (Umweltatlas)	?id=k07_06flugschutz2007@senstadt&type=WMS
Fluglärmschutzbereiche 2009 (Umweltatlas)	?id=k07_06flugschutz2009@senstadt&type=WMS
Flurabstand des Grundwassers 1995 (Umweltatlas)	?id=flurab1995@senstadt&type=WMS
Flurabstand des Grundwassers 2002 (Umweltatlas)	?id=flurab2002@senstadt&type=WMS
Flurabstand des Grundwassers 2006 (Umweltatlas)	?id=flurab2006@senstadt&type=WMS
Flurabstand des Grundwassers 2006 differenziert (Umweltatlas)	?id=flurab2006_diff@senstadt&type=WMS
Flurabstand des Grundwassers 2009 differenziert (Umweltatlas)	?id=wmsk_02_07flurab2009@senstadt&type=WMS
FNP (Flächennutzungsplan Berlin), aktuelle Arbeitskarte	?id=fnp_ak@senstadt&type=WMS
FNP (Flächennutzungsplan Berlin), Stand 2009	?id=fnp_2009@senstadt&type=WMS
FNP (Flächennutzungsplan Berlin), Stand Neubekanntmachung 2015	?id=fnp_2015@senstadt&type=WMS
Förderkulisse Aktive Zentren	?id=k_stadtzentren@senstadt&type=WMS
Förderkulisse Städtebaulicher Denkmalschutz	?id=k_foegeb_denkmal@senstadt&type=WMS
Förderkulisse Zukunftsinitiative Stadtteil I; ZIS I 2007-2013	?id=k_foerderkulisse@senstadt&type=WMS
Forstliche Standorteinheiten	?id=wmsk_standort@senstadt&type=WMS
Fortzug von Kindern unter 6 Jahren 2003-2004	?id=MsozSFortKi2004@senstadt&type=WMS
Fortzug von Kindern unter 6 Jahren 2007	?id=MsozS_E1_2007Vz@senstadt&type=WMS
Fortzug von Kindern unter 6 Jahren 2007 (LOR)	?id=MsozS_E1_2007LOR@senstadt&type=WMS
Fortzug von Kindern unter 6 Jahren 2008 (LOR)	?id=MsozS_E1_2008LOR@senstadt&type=WMS
Fortzug von Kindern unter 6 Jahren 2009 (LOR)	?id=MsozS_E1_2009LOR@senstadt&type=WMS
Fortzug von Kindern unter 6 Jahren 2010 (LOR)	?id=MsozS_E1_2010LOR@senstadt&type=WMS
Freiflächenentwicklung (Umweltatlas)	?id=06_03freiflentwick2005@senstadt&type=WMS
Friedhofsbestand Berlin	?id=friedh@senstadt&type=WMS
Fußgängerüberwege	?id=k_zebra@senstadt&type=WMS
Gebäude- und Vegetationshöhen 2009/2010 (Umweltatlas)	?id=wmsk06_10gebveghoeh2010@senstadt&type=WMS
Gebäudealter 1992/93	?id=gebaeudealter@senstadt&type=WMS
Gebäudegeschosse	?id=alk_gebaeude@senstadt&type=WMS
Gebäudeschäden 1945	?id=gebschaden@senstadt&type=WMS
Geländehöhen 2009 (Umweltatlas)	?id=k01_08dgm2009@senstadt&type=WMS
Genehmigungsbedürftige Anlagen/Nebenanlagen nach § 4 BImSchG 2014 (Umweltatlas)	?id=k08_08bimschv2014@senstadt&type=WMS
Geologie - Verbreitung der stratigraphischen Einheiten	?id=geol_stratigraphische_einheiten@senstadt&type=WMS
Geologische Bohrdaten	?id=bohrpunkte@senstadt&type=WMS
Geologische Karte 1874-1937	?id=geo_18-19@senstadt&type=WMS
Geologische Karte 1:10000	?id=geokart@senstadt&type=WMS
Geologische Skizze (Umweltatlas)	?id=wmsk_01_14_01geoskizze@senstadt&type=WMS
Geothermisches Potenzial - spezifische Entzugsleistung bis 100 m, für 1800 h/a	?id=wmsk_entzug1800_100@senstadt&type=WMS
Geothermisches Potenzial - spezifische Entzugsleistung bis 100 m, für 2400 h/a	?id=wmsk_entzug2400_100@senstadt&type=WMS
Geothermisches Potenzial - spezifische Entzugsleistung bis 40 m, für 1800 h/a	?id=wmsk_entzug1800_40@senstadt&type=WMS
Geothermisches Potenzial - spezifische Entzugsleistung bis 40 m, für 2400 h/a	?id=wmsk_entzug2400_40@senstadt&type=WMS
Geothermisches Potenzial - spezifische Entzugsleistung bis 60 m, für 1800 h/a	?id=wmsk_entzug1800_60@senstadt&type=WMS
Geothermisches Potenzial - spezifische Entzugsleistung bis 60 m, für 2400 h/a	?id=wmsk_entzug2400_60@senstadt&type=WMS
Geothermisches Potenzial - spezifische Entzugsleistung bis 80 m, für 1800 h/a	?id=wmsk_entzug1800_80@senstadt&type=WMS
Geothermisches Potenzial - spezifische Entzugsleistung bis 80 m, für 2400 h/a	?id=wmsk_entzug2400_80@senstadt&type=WMS
Geothermisches Potenzial - spezifische Wärmeleitfähigkeit bis 100 m	?id=wmsk_wleit_100@senstadt&type=WMS
Geothermisches Potenzial - spezifische Wärmeleitfähigkeit bis 40 m	?id=wmsk_wleit_40@senstadt&type=WMS
Geothermisches Potenzial - spezifische Wärmeleitfähigkeit bis 60 m	?id=wmsk_wleit_60@senstadt&type=WMS
Geothermisches Potenzial - spezifische Wärmeleitfähigkeit bis 80 m	?id=wmsk_wleit_80@senstadt&type=WMS
Gesamtabfluss aus Niederschlägen 2001 (Umweltatlas)	?id=gesabfluss2001@senstadt&type=WMS
Gesamtabfluss aus Niederschlägen 2005 (Umweltatlas)	?id=k02_13_03gesabf2005@senstadt&type=WMS
Gesamtabfluss aus Niederschlägen 2012 (Umweltatlas)	?id=wmsk02_13_03gesabf2012@senstadt&type=WMS
Gewässerkarte - Gewässerverzeichnis -	?id=gewkarte@senstadt&type=WMS
Gewässerstrukturgüte - Gesamtbewertung (WRRL) (Umweltatlas)	?id=wmsk_02_06_1_GewStrukGesamt_2011@senstadt&type=WMS
Großsiedlungen	?id=k_grossiedlung@senstadt&type=WMS
Grün- und Freiflächenbestand 1990 (Umweltatlas)	?id=freifl_1990@senstadt&type=WMS
Grün- und Freiflächenbestand 2000 (Umweltatlas)	?id=freifl12_2000@senstadt&type=WMS
Grün- und Freiflächenbestand 2001 (Umweltatlas)	?id=freifl2001@senstadt&type=WMS
Grün- und Freiflächenbestand 2005 (Umweltatlas)	?id=freifl2005@senstadt&type=WMS
Grün- und Freiflächenbestand 2010 (Umweltatlas)	?id=freifl2010@senstadt&type=WMS
Grünanlagenbestand Berlin (einschließlich der öffentlichen Spielplätze)	?id=gris_oeffgruen@senstadt&type=WMS
Grundwasserabhängige Ökosysteme (Umweltatlas)	?id=gwaOeko@senstadt&type=WMS
Grundwassergleichen 2001 (Geologischer Atlas)	?id=gwgleichen2001@senstadt&type=WMS
Grundwassergleichen 2002 (Geologischer Atlas)	?id=gwgleichen2002@senstadt&type=WMS
Grundwassergleichen 2003 (Geologischer Atlas)	?id=gwgleichen2003@senstadt&type=WMS
Grundwassergleichen 2004 (Geologischer Atlas)	?id=gwgleichen2004@senstadt&type=WMS
Grundwassergleichen 2005 (Geologischer Atlas)	?id=gwgleichen2005@senstadt&type=WMS
Grundwassergleichen 2006 (Geologischer Atlas)	?id=gwgleichen2006@senstadt&type=WMS
Grundwassergleichen 2007 (Geologischer Atlas)	?id=wmsk_02_12gwgleichen2007@senstadt&type=WMS
Grundwassergleichen 2008 (Geologischer Atlas)	?id=wmsk_02_12gwgleichen2008@senstadt&type=WMS
Grundwassergleichen 2009 (Geologischer Atlas)	?id=wmsk_02_12gwgleichen2009@senstadt&type=WMS
Grundwassergleichen 2010 (Geologischer Atlas)	?id=wmsk_02_12gwgleichen2010@senstadt&type=WMS
Grundwassergleichen 2011 (Geologischer Atlas)	?id=wmsk_02_12gwgleichen2011@senstadt&type=WMS
Grundwassergleichen 2012 (Geologischer Atlas)	?id=wmsk_02_12gwgleichen2012@senstadt&type=WMS
Grundwassergleichen 2013 (Geologischer Atlas)	?id=wmsk_02_12gwgleichen2013@senstadt&type=WMS
Grundwassergleichen 2014 (Geologischer Atlas)	?id=wmsk_02_12gwgleichen2014@senstadt&type=WMS
Grundwassergleichen 2015 (Geologischer Atlas)	?id=wmsk_02_12gwgleichen@senstadt&type=WMS
Grundwassergüte Ammonium (Umweltatlas)	?id=kw02_04_4amm@senstadt&type=WMS
Grundwassergüte Bor (Umweltatlas)	?id=kw02_04_8bor@senstadt&type=WMS
Grundwassergüte chemischer Sauerstoffverbrauch (Umweltatlas)	?id=kw02_04_5csv@senstadt&type=WMS
Grundwassergüte Chlor (Umweltatlas)	?id=kw02_04_2chlo@senstadt&type=WMS
Grundwassergüte Elektrische Leitfähigkeit (Umweltatlas)	?id=kw02_04_1leit@senstadt&type=WMS
Grundwassergüte Kalium (Umweltatlas)	?id=kw02_04_6kal@senstadt&type=WMS
Grundwassergüte Ortho-Phosphat (Umweltatlas)	?id=kw02_04_7oph@senstadt&type=WMS
Grundwassergüte Sulfat (Umweltatlas)	?id=kw02_04_3sul@senstadt&type=WMS
Grundwassermessstellen	?id=gw_messstellen@senstadt&type=WMS
Grundwasserneubildung 2005 (Umweltatlas)	?id=k02_17gwneu2005@senstadt&type=WMS
Grundwasserneubildung 2012 (Umweltatlas)	?id=wmsk02_17gwneu2012@senstadt&type=WMS
Grundwasserstand - tagesaktuelle Messwerte und Ganglinien	?id=kganglinien@senstadt&type=WMS
Grundwassertemperatur 100m unter Geländeoberfläche 2012 (Umweltatlas)	?id=wmsk_02_14_06gwtemp_100m@senstadt&type=WMS
Grundwassertemperatur 20m unter Geländeoberfläche 2010 (Umweltatlas)	?id=wmsk_02_14gwtemp_20m_2010@senstadt&type=WMS
Grundwassertemperatur 20m unter Geländeoberfläche 2012 (Umweltatlas)	?id=wmsk_02_14_01gwtemp_20m@senstadt&type=WMS
Grundwassertemperatur 40m unter Geländeoberfläche 2012 (Umweltatlas)	?id=wmsk_02_14_03gwtemp_40m@senstadt&type=WMS
Grundwassertemperatur 60m unter Geländeoberfläche 2012 (Umweltatlas)	?id=wmsk_02_14_04gwtemp_60m@senstadt&type=WMS
Grundwassertemperatur 80m unter Geländeoberfläche 2012 (Umweltatlas)	?id=wmsk_02_14_05gwtemp_80m@senstadt&type=WMS
Grundwassertemperatur für den Bezugshorizont 0m NHN 2010 (Umweltatlas)	?id=wmsk_02_14gwtemp_0m_2010@senstadt&type=WMS
Hauskoordinaten Berlin	?id=k_hauskoordinaten@senstadt&type=WMS
Hausumringe Berlin	?id=wmsk_hausumringe@senstadt&type=WMS
Hobrechtplan 1862	?id=hobrecht@senstadt&type=WMS
Humusmenge der Böden 2001 (Umweltatlas)	?id=kb01_06_05humus@senstadt&type=WMS
Humusmenge der Böden 2005 (Umweltatlas)	?id=k01_06_05humus2005@senstadt&type=WMS
Humusmenge der Böden 2010 (Umweltatlas)	?id=k01_06_05humus2010@senstadt&type=WMS
Ingenieurgeologische Karte (Umweltatlas)	?id=k_inggeo@senstadt&type=WMS
Karte von Berlin 1:5000 (K5)	?id=k5@senstadt&type=WMS
Karte von Berlin 1:5000 (K5) Historie	?id=k5_historie@senstadt&type=WMS
Karte von Berlin 1:5000 (K5-Farbausgabe)	?id=k5_farbe@senstadt&type=WMS
Katasterämter	?id=kataster@senstadt&type=WMS
Kinder mit ausländischen Eltern 2004	?id=MsozS_Ki_mitauslEltern2004@senstadt&type=WMS
Kinder mit ausländischen Eltern 2006 (LOR)	?id=MsozS_E11_2006LOR@senstadt&type=WMS
Kinder mit Migrationshintergrund unter 6 Jahren 2008 (LOR)	?id=MsozS_E10_2008LOR@senstadt&type=WMS
Kinder mit Migrationshintergrund unter 6 Jahren 2009 (LOR)	?id=MsozS_E10_2009LOR@senstadt&type=WMS
Kinder mit Migrationshintergrund unter 6 Jahren 2010 (LOR)	?id=MsozS_E10_2010LOR@senstadt&type=WMS
Kinder und Jugendliche 2004	?id=MsozSEWu18_2004@senstadt&type=WMS
Kinder und Jugendliche 2006 (LOR)	?id=MsozS_E1_2006LOR@senstadt&type=WMS
Kinder und Jugendliche 2007	?id=MsozS_E3_2007Vz@senstadt&type=WMS
Kinder und Jugendliche 2007 (LOR)	?id=MsozS_E3_2007LOR@senstadt&type=WMS
Kinder und Jugendliche 2008 (LOR)	?id=MsozS_E5_2008LOR@senstadt&type=WMS
Kinder und Jugendliche 2009 (LOR)	?id=MsozS_E5_2009LOR@senstadt&type=WMS
Kinder und Jugendliche 2010 (LOR)	?id=MsozS_E5_2010LOR@senstadt&type=WMS
Kinder und Jugendliche mit Migrationshintergrund 2007	?id=MsozS_E7_2007Vz@senstadt&type=WMS
Kinder und Jugendliche mit Migrationshintergrund 2007 (LOR)	?id=MsozS_E7_2007LOR@senstadt&type=WMS
Kinder und Jugendliche mit Migrationshintergrund 2008 (LOR)	?id=MsozS_S6_2008LOR@senstadt&type=WMS
Kinder und Jugendliche mit Migrationshintergrund 2009 (LOR)	?id=MsozS_S6_2009LOR@senstadt&type=WMS
Kinder und Jugendliche mit Migrationshintergrund 2010 (LOR)	?id=MsozS_S6_2010LOR@senstadt&type=WMS
Kinder und Jugendliche mit Migrationshintergrund 2012 (LOR)	?id=MsozS_K04_2012@senstadt&type=WMS
Kinder und Jugendliche mit Migrationshintergrund 2012 (LOR) - V 2	?id=MsozS_K04_V2_2012@senstadt&type=WMS
Kinder und Jugendliche, ausländische: 2004	?id=MsozSauslKi2004@senstadt&type=WMS
Kinder unter 6 Jahren 2008 (LOR)	?id=MsozS_E4_2008LOR@senstadt&type=WMS
Kinder unter 6 Jahren 2009 (LOR)	?id=MsozS_E4_2009LOR@senstadt&type=WMS
Kinder unter 6 Jahren 2010 (LOR)	?id=MsozS_E4_2010LOR@senstadt&type=WMS
Klimamodell Berlin: Bodennahes Windfeld und Luftaustausch 2001 (Umweltatlas)	?id=UA_luftaus22_10_03@senstadt&type=WMS
Klimamodell Berlin: Kaltluftvolumenstrom am Abend 22.00 Uhr 2005 (Umweltatlas)	?id=k04_10_05massenstrom22uhr2005@senstadt&type=WMS
Klimamodell Berlin: Kaltluftvolumenstrom am Morgen 06.00 Uhr 2005 (Umweltatlas)	?id=k04_10_06massenstrom06uhr2005@senstadt&type=WMS
Klimamodell Berlin: Klimaanalysekarte 2015 (Umweltatlas)	?id=wmsk_04107_klimanalysek2015@senstadt&type=WMS
Klimamodell Berlin: Klimafunktionen 2001 (Umweltatlas)	?id=klifu@senstadt&type=WMS
Klimamodell Berlin: Klimafunktionen 2005 (Umweltatlas)	?id=k04_11_1klimafunktionen2005@senstadt&type=WMS
Klimamodell Berlin: Luftaustausch am Abend 22.00 Uhr 2005 (Umweltatlas)	?id=k04_10_03luftaustausch22uhr2005@senstadt&type=WMS
Klimamodell Berlin: Luftaustausch am Morgen 06.00 Uhr 2005 (Umweltatlas)	?id=k04_10_04luftaustausch06uhr2005@senstadt&type=WMS
Klimamodell Berlin: Lufttemperatur am Abend 22.00 Uhr 2005 (Umweltatlas)	?id=k04_10_01temp22uhr2005@senstadt&type=WMS
Klimamodell Berlin: Lufttemperatur am Morgen 06.00 Uhr 2005 (Umweltatlas)	?id=k04_10_02temp06uhr2005@senstadt&type=WMS
Klimamodell Berlin: Planungshinweise Stadtklima 2001 (Umweltatlas)	?id=planklima@senstadt&type=WMS
Klimamodell Berlin: Planungshinweise Stadtklima 2005 (Umweltatlas)	?id=k04_11_2plan_stadtklima2005@senstadt&type=WMS
Klimamodell Berlin: Planungshinweise Stadtklima 2015 - Ergänzende Hinweise (Umweltatlas)	?id=wmsk_0411022_planungshin_erg@senstadt&type=WMS
Klimamodell Berlin: Planungshinweise Stadtklima 2015 - Hauptkarte (Umweltatlas)	?id=wmsk_0411021_planungshin_haupt@senstadt&type=WMS
Klimamodell Berlin: Planungshinweise Stadtklima 2015 - Maßnahmen (Umweltatlas)	?id=wmsk_0411023_planungshin_massn@senstadt&type=WMS
Klimawandel - Jahresmittel der Tage mit Wärmebelastung 1971 - 2000 (Umweltatlas)	?id=k04_12_01wb2005@senstadt&type=WMS
Klimawandel - Jahresmittel Tage mit Wärmebelastung 1971-2000 (Farbreihe 2) (UA)	?id=k04_12_04wb2005@senstadt&type=WMS
Klimawandel - Jahresmittel Tage mit Wärmebelastung 2021-2050 (Farbreihe 2) (UA)	?id=k04_12_05wb2005@senstadt&type=WMS
Klimawandel - Jahresmittel Tage mit Wärmebelastung 2071-2100 (Farbreihe 2) (UA)	?id=k04_12_06wb2005@senstadt&type=WMS
Klimawandel - Zunahme der Wärmebelastung 2021-2050 zu 1971-2000 (Umweltatlas)	?id=k04_12_02wb2005@senstadt&type=WMS
Klimawandel - Zunahme der Wärmebelastung 2071-2100 zu 1971-2000 (Umweltatlas)	?id=k04_12_03wb2005@senstadt&type=WMS
Kohlenstoffvorräte (Umweltatlas)	?id=wmsk_01_06_6kohlenstoffvor2010@senstadt&type=WMS
Kohlenstoffvorräte der Moore (Umweltatlas)	?id=wmsk01_19_2moor_cspeicher2015@senstadt&type=WMS
Kompensationsflächenkataster, Karte zum	?id=k_kis@senstadt&type=WMS
Landesentwicklungsplan Berlin-Brandenburg Festl.karte 2- Städtische Kernbereiche	?id=k_lepbb2@senstadt&type=WMS
Landesentwicklungsplan Berlin-Brandenburg Festlegungskarte 1 - Gesamtraum	?id=k_lepbb1@senstadt&type=WMS
Landesentwicklungsplan Flughafenstandortentwicklung (LEP FS) vom 30. Mai 2006	?id=k_lep_fs@senstadt&type=WMS
Landschaftsplanverfahren (Übersicht)	?id=lplan@senstadt&type=WMS
Langjährige Niederschlagsverteilung 1961 - 1990 (Umweltatlas)	?id=k04_08_3jahrns1990@senstadt&type=WMS
Langjährige Niederschlagsverteilung Sommer 1961-1990 (Umweltatlas)	?id=k04_08_2sommerns1990@senstadt&type=WMS
Langjährige Niederschlagsverteilung Winter 1961-1990 (Umweltatlas)	?id=k04_08_1winterns1990@senstadt&type=WMS
Langjähriges Mittel der Lufttemperatur (Umweltatlas)	?id=lutemittel@senstadt&type=WMS
Langzeitarbeitslose 2004	?id=MsozSlzarblos2004@senstadt&type=WMS
Langzeitarbeitslose 2006	?id=MsozSlzarblos2006@senstadt&type=WMS
Langzeitarbeitslose 2006 (LOR)	?id=MsozSlzarblos2006LOR@senstadt&type=WMS
Langzeitarbeitslose 2007	?id=MsozS_S3_lzarblos2007Vz@senstadt&type=WMS
Langzeitarbeitslose 2007 (LOR)	?id=MsozS_S3_lzarblos2007LOR@senstadt&type=WMS
Langzeitarbeitslose 2008 (LOR)	?id=MsozS_S3_lzarblos2008LOR@senstadt&type=WMS
Langzeitarbeitslose 2009 (LOR)	?id=MsozS_S3_lzarblos2009LOR@senstadt&type=WMS
Langzeitarbeitslose 2010 (LOR)	?id=MsozS_S3_lzarblos2010LOR@senstadt&type=WMS
Langzeitarbeitslose 2012 (LOR)	?id=MsozS_S2_2012@senstadt&type=WMS
Langzeitarbeitslose 2012 (LOR) -  V 2	?id=MsozS_S2_V2_2012@senstadt&type=WMS
Langzeitarbeitslose: Veränderung 2008 (LOR)	?id=MsozS_E21_lVzarblos2008LOR@senstadt&type=WMS
Langzeitarbeitslose: Veränderung 2009 (LOR)	?id=MsozS_E21_2009LOR@senstadt&type=WMS
Langzeitarbeitslose: Veränderung 2010 (LOR)	?id=MsozS_E21_2010LOR@senstadt&type=WMS
Langzeitarbeitslose: Veränderung 2011-2012 (LOR)	?id=MsozS_D2_2012@senstadt&type=WMS
Langzeitarbeitslose: Veränderung 2011-2012 (LOR) - V 2	?id=MsozS_D2_V2_2012@senstadt&type=WMS
Langzeitsozialhilfeempfänger 2004	?id=MsozS_lzSHE2004@senstadt&type=WMS
LaPro Beschlussfassung: Biotop- und Artenschutz (Programmplan RD)	?id=laprobiot@senstadt&type=WMS
LaPro Beschlussfassung: Erholung und Freiraumnutzung (Programmplan RD)	?id=laproerhol@senstadt&type=WMS
LaPro Beschlussfassung: Landschaftsbild (Programmplan RD)	?id=laprolabild@senstadt&type=WMS
LaPro Beschlussfassung: Naturhaushalt/Umweltschutz (Programmplan RD)	?id=lapronatur@senstadt&type=WMS
LaPro Grundlagen: Zielartenverbreitung	?id=lapro_aev_ba2015@senstadt&type=WMS
Lebensraumfunktion für naturnahe / seltene Pflanzengesellschaften 2001	?id=kb01_12_01lebens@senstadt&type=WMS
Lebensraumfunktion für naturnahe / seltene Pflanzengesellschaften 2005	?id=k01_12_01lebens2005@senstadt&type=WMS
Lebensraumfunktion für naturnahe / seltene Pflanzengesellschaften 2010	?id=k01_12_01lebens2010@senstadt&type=WMS
Lebensweltlich orientierte Räume (LOR) - Bezirksregionen	?id=lor_bez@senstadt&type=WMS
Lebensweltlich orientierte Räume (LOR) - Planungsräume	?id=lor_plan@senstadt&type=WMS
Lebensweltlich orientierte Räume (LOR) - Prognoseräume	?id=lor_prog@senstadt&type=WMS
Leistungsfähigkeit der Böden 2001 (Umweltatlas)	?id=kb01_12_06leist@senstadt&type=WMS
Leistungsfähigkeit der Böden 2005 (Umweltatlas)	?id=k01_12_06leist2005@senstadt&type=WMS
Leistungsfähigkeit der Böden 2010 (Umweltatlas)	?id=k01_12_06leist2010@senstadt&type=WMS
Lichtsignalanlagen	?id=lsa@senstadt&type=WMS
Luftbilder 1928, Maßstab 1:4 000	?id=k_luftbild1928@senstadt&type=WMS
Luftbilder 1953, Maßstab 1:22 000	?id=k_luftbild1953@senstadt&type=WMS
Luftreinhalteplan 2011-2017: Szenarios NO2 Kfz-Verkehr 2015 (Umweltatlas)	?id=k03_11_3_no2_lrp@senstadt&type=WMS
Luftreinhalteplan 2011-2017: Szenarios PM10 Kfz-Verkehr 2015 (Umweltatlas)	?id=k03_11_3_pm10_lrp@senstadt&type=WMS
Mittelmaßstäbige Landwirtschaftliche Standortkartierung (MMK)	?id=k_mmk2004@senstadt&type=WMS
Mittlere effektive Kationenaustauschkapazität der Böden 2001 (Umweltatlas)	?id=kb01_06_09kataus@senstadt&type=WMS
Mittlere effektive Kationenaustauschkapazität der Böden 2005 (Umweltatlas)	?id=k01_06_09kataus2005@senstadt&type=WMS
Mittlere effektive Kationenaustauschkapazität der Böden 2010 (Umweltatlas)	?id=k01_06_09kataus2010@senstadt&type=WMS
Moorgebiete und Bodentypen (Umweltatlas)	?id=wmsk01_19_1moorbodtyp2015@senstadt&type=WMS
Morphologie Berliner Gewässer (Tiefenlinienkarte-Gesamtbestand)	?id=gewmor2@senstadt&type=WMS
Nährstoffspeicher- / Schadstoffbindungsvermögen der Böden 2001 (Umweltatlas)	?id=kb01_11_06schad@senstadt&type=WMS
Nährstoffspeicher- / Schadstoffbindungsvermögen der Böden 2005 (Umweltatlas)	?id=k01_11_06schad2005@senstadt&type=WMS
Nährstoffspeicher- / Schadstoffbindungsvermögen der Böden 2010 (Umweltatlas)	?id=k01_11_06schad2010@senstadt&type=WMS
Nährstoffversorgung der Böden 2001 (Umweltatlas)	?id=kb01_11_07naehr@senstadt&type=WMS
Nährstoffversorgung der Böden 2005 (Umweltatlas)	?id=k01_11_07naehr2005@senstadt&type=WMS
Nährstoffversorgung der Böden 2010 (Umweltatlas)	?id=k01_11_07naehr2010@senstadt&type=WMS
Naturnähe der Böden 2001 (Umweltatlas)	?id=kb01_11_03natnae@senstadt&type=WMS
Naturnähe der Böden 2005 (Umweltatlas)	?id=k01_11_03natnae2005@senstadt&type=WMS
Naturnähe der Böden 2010 (Umweltatlas)	?id=k01_11_03natnae2010@senstadt&type=WMS
Nicht-arbeitslose Empf. v. Existenzsicherungsleistungen: Verä. 2011-2012 (LOR)	?id=MsozS_D3_2012@senstadt&type=WMS
Nicht-arbeitslose Empf. v. Existenzsicherungsleistungen: Verä. 2011-2012(LOR)-V2	?id=MsozS_D3_V2_2012@senstadt&type=WMS
Nicht-arbeitslose Empfänger von Existenzsicherungsleistungen 2006	?id=MsozSnichtarblEmpfESL2006@senstadt&type=WMS
Nicht-arbeitslose Empfänger von Existenzsicherungsleistungen 2006 (LOR)	?id=MsozSnerwfHB2006LOR@senstadt&type=WMS
Nicht-arbeitslose Empfänger von Existenzsicherungsleistungen 2007	?id=MsozS_S4_narblosEmpfESL2007Vz@senstadt&type=WMS
Nicht-arbeitslose Empfänger von Existenzsicherungsleistungen 2007 LOR	?id=MsozS_S4_narblosEmpfESL2007LOR@senstadt&type=WMS
Nicht-arbeitslose Empfänger von Existenzsicherungsleistungen 2008 LOR	?id=MsozS_S4_narblosEmpfESL2008LOR@senstadt&type=WMS
Nicht-arbeitslose Empfänger von Existenzsicherungsleistungen 2009 (LOR)	?id=MsozS_S4_narblosEmpfESL2009LOR@senstadt&type=WMS
Nicht-arbeitslose Empfänger von Existenzsicherungsleistungen 2010 (LOR)	?id=MsozS_S4_narblosEmpfESL2010LOR@senstadt&type=WMS
Nicht-arbeitslose Empfänger von Existenzsicherungsleistungen 2012 (LOR)	?id=MsozS_S3_2012@senstadt&type=WMS
Nicht-arbeitslose Empfänger von Existenzsicherungsleistungen 2012 (LOR) - V 2	?id=MsozS_S3_V2_2012@senstadt&type=WMS
Nicht-erwerbsf. Empf. v. Existenzsicherungsl. u. 15 J.: Verä. 2011-2012 (LOR)	?id=MsozS_D4_2012@senstadt&type=WMS
Nicht-erwerbsf. Empf. v. Existenzsicherungsl. u. 15 J.: Verä. 2011-2012 (LOR)-V2	?id=MsozS_D4_V2_2012@senstadt&type=WMS
Nicht-erwerbsf. Empf. v. Existenzsicherungsleist. u. 15 J.:Veränderung 2007(LOR)	?id=MsozS_D6_VnerwfHB2007LOR@senstadt&type=WMS
Nicht-erwerbsf. Empf. v. Existenzsicherungsleist. u. 15 J.:Veränderung 2008(LOR)	?id=MsozS_D6_VnerwfHB2008LOR@senstadt&type=WMS
Nicht-erwerbsf. Empf. v. Existenzsicherungsleist. u. 15 J.:Veränderung 2009(LOR)	?id=MsozS_D6_vnerwfHB2009LOR@senstadt&type=WMS
Nicht-erwerbsf. Empf. v. Existenzsicherungsleist. u. 15 J.:Veränderung 2010(LOR)	?id=MsozS_D6_vnerwfHB2010LOR@senstadt&type=WMS
Nicht-erwerbsf. Empf. v. Existenzsicherungsleistungen u. 15 J.: Veränderung 2007	?id=MsozS_D6_VnerwfHB2007Vz@senstadt&type=WMS
Nicht-erwerbsf. Empf. von Existenzsicherungsleistungen u. 15 J.:Veränderung 2006	?id=MsozS_VnerwfHB2006@senstadt&type=WMS
Nicht-erwerbsf. Empf. von Existenzsicherungsleistungen u. 15 Jahren 2007 (LOR)	?id=MsozS_S5_nerwfHB2007LOR@senstadt&type=WMS
Nicht-erwerbsf. Empf. von Existenzsicherungsleistungen u. 15 Jahren 2008 (LOR)	?id=MsozS_S5_nerwfHB2008LOR@senstadt&type=WMS
Nicht-erwerbsf. Empf. von Existenzsicherungsleistungen u. 15 Jahren 2009 (LOR)	?id=MsozS_S5_nerwfHB2009LOR@senstadt&type=WMS
Nicht-erwerbsf. Empf. von Existenzsicherungsleistungen u. 15 Jahren 2010 (LOR)	?id=MsozS_S5_nerwfHB2010LOR@senstadt&type=WMS
Nicht-erwerbsf. Empf. von Existenzsicherungsleistungen u. 15 Jahren 2012 (LOR)	?id=MsozS_S4_2012@senstadt&type=WMS
Nicht-erwerbsf. Empf. von Existenzsicherungsleistungen u. 15 Jahren 2012(LOR)-V2	?id=MsozS_S4_V2_2012@senstadt&type=WMS
Nicht-erwerbsfähige Empf. von Existenzsicherungsleistungen u. 15 Jahren 2006	?id=MsozSnerwfHB2006@senstadt&type=WMS
Nicht-erwerbsfähige Empf. von Existenzsicherungsleistungen u. 15 Jahren 2007	?id=MsozS_S5_nerwfHB2007Vz@senstadt&type=WMS
Nutzbare Feldkapazität der Böden für Flachwurzler 2001 (Umweltatlas)	?id=kb01_06_02flach@senstadt&type=WMS
Nutzbare Feldkapazität der Böden für Flachwurzler 2005 (Umweltatlas)	?id=k01_06_02flach2005@senstadt&type=WMS
Nutzbare Feldkapazität der Böden für Flachwurzler 2010 (Umweltatlas)	?id=k01_06_02flach2010@senstadt&type=WMS
Nutzbare Feldkapazität des effektiven Wurzelraumes 2001 (Umweltatlas)	?id=kb01_06_04nfeld@senstadt&type=WMS
Nutzbare Feldkapazität des effektiven Wurzelraumes 2005 (Umweltatlas)	?id=k01_06_04nfeld2005@senstadt&type=WMS
Nutzbare Feldkapazität des effektiven Wurzelraumes 2010 (Umweltatlas)	?id=k01_06_04nfeld2010@senstadt&type=WMS
Oberflächenabfluß aus Niederschlägen 2001 (Umweltatlas)	?id=oabfluss2001@senstadt&type=WMS
Oberflächenabfluss aus Niederschlägen 2005 (Umweltatlas)	?id=k02_13_01oabf2005@senstadt&type=WMS
Oberflächenabfluss aus Niederschlägen 2012 (Umweltatlas)	?id=wmsk02_13_01oabf2012@senstadt&type=WMS
Ortsteile von Berlin	?id=ortsteil@senstadt&type=WMS
Parkraumbewirtschaftung	?id=parkraumbewirt@senstadt&type=WMS
PH-Werte im Oberboden 2001 (Umweltatlas)	?id=kb01_06_07ph@senstadt&type=WMS
PH-Werte im Oberboden 2005 (Umweltatlas)	?id=k01_06_07ph2005@senstadt&type=WMS
PH-Werte im Oberboden 2010 (Umweltatlas)	?id=k01_06_07ph2010@senstadt&type=WMS
Planungshinweise zum Bodenschutz 2001(Umweltatlas)	?id=k01_13bodplan2001@senstadt&type=WMS
Planungshinweise zum Bodenschutz 2005 (Umweltatlas)	?id=k01_13bodplan2005@senstadt&type=WMS
Planungshinweise zum Bodenschutz 2010 (Umweltatlas)	?id=k01_13bodplan2010@senstadt&type=WMS
Planwerk Innenstadt 1999	?id=planin1999@senstadt&type=WMS
Planwerk Innenstadt 2003	?id=planin@senstadt&type=WMS
Planwerk Innenstadt 2008	?id=k_planin2008@senstadt&type=WMS
Planwerk Innere Stadt Berlin 2010	?id=k_planwerk_innen@senstadt&type=WMS
Planwerk Westraum	?id=planwest@senstadt&type=WMS
Polizeidirektionen und Polizeiabschnitte	?id=polizeidirektionen@senstadt&type=WMS
Postleitzahlen	?id=plz@senstadt&type=WMS
Puffer- und Filterfunktion der Böden 2001 (Umweltatlas)	?id=kb01_12_03puff@senstadt&type=WMS
Puffer- und Filterfunktion der Böden 2005 (Umweltatlas)	?id=k01_12_03puff2005@senstadt&type=WMS
Puffer- und Filterfunktion der Böden 2010 (Umweltatlas)	?id=k01_12_03puff2010@senstadt&type=WMS
Radverkehrsanlagen	?id=wmsk_radverkehrsanlagen@senstadt&type=WMS
Reale Nutzung 2010 (Umweltatlas)	?id=k06_01_1realnutz@senstadt&type=WMS
Reale Nutzung der bebauten Flächen 1990 (Umweltatlas)	?id=realnutz_1990@senstadt&type=WMS
Reale Nutzung der bebauten Flächen 2000 (Umweltatlas)	?id=realnutz12_2000@senstadt&type=WMS
Reale Nutzung der bebauten Flächen 2001 (Umweltatlas)	?id=realnutz2001@senstadt&type=WMS
Reale Nutzung der bebauten Flächen 2005 (Umweltatlas)	?id=realnutz2005@senstadt&type=WMS
Reale Nutzung der bebauten Flächen 2010 (Umweltatlas)	?id=realnutz2010@senstadt&type=WMS
Reale Nutzung und Vegetationsbedeckung 2010 (Umweltatlas)	?id=k06_02_1nutz_vegbestand@senstadt&type=WMS
Referenzflächen nach FSC-Zertifizierung	?id=wmsk_forst_FSC2014@senstadt&type=WMS
Regelungsfunktion der Böden für den Wasserhaushalt 2001 (Umweltatlas)	?id=kb01_12_04regel@senstadt&type=WMS
Regelungsfunktion der Böden für den Wasserhaushalt 2005 (Umweltatlas)	?id=k01_12_04regel2005@senstadt&type=WMS
Regelungsfunktion der Böden für den Wasserhaushalt 2010 (Umweltatlas)	?id=k01_12_04regel2010@senstadt&type=WMS
Regionale Seltenheit der Bodengesellschaften 2001 (Umweltatlas)	?id=kb01_11_01selten@senstadt&type=WMS
Regionale Seltenheit der Bodengesellschaften 2005 (Umweltatlas)	?id=k01_11_01selten2005@senstadt&type=WMS
Regionale Seltenheit der Bodengesellschaften 2010 (Umweltatlas)	?id=k01_11_01selten2010@senstadt&type=WMS
Sanierungsgebiete	?id=sanier@senstadt&type=WMS
Schienenverkehrslärm im oberirdischen Schienennetz (Nacht 22-6 Uhr)(Umweltatlas)	?id=schienenlaerm_nacht@senstadt&type=WMS
Schienenverkehrslärm im oberirdischen Schienennetz (Tag 6-22 Uhr)(Umweltatlas)	?id=schienenlaerm_tag@senstadt&type=WMS
Schutzgebiete nach Naturschutzrecht  2003 (Umweltatlas, historisch)	?id=nsg_lsg_UA@senstadt&type=WMS
Schutzgebiete nach Naturschutzrecht (inklusive Natura 2000) (Umweltatlas)	?id=nsg_lsg@senstadt&type=WMS
Senioren 2004	?id=MsozSEWue65_2004@senstadt&type=WMS
Senioren 2006 (LOR)	?id=MsozS_E2_2006LOR@senstadt&type=WMS
Senioren 2007	?id=MsozS_E4_2007Vz@senstadt&type=WMS
Senioren 2007 (LOR)	?id=MsozS_E4_2007LOR@senstadt&type=WMS
Senioren 2008 (LOR)	?id=MsozS_E6_2008LOR@senstadt&type=WMS
Senioren 2009 (LOR)	?id=MsozS_E6_2009LOR@senstadt&type=WMS
Senioren 2010 (LOR)	?id=MsozS_E6_2010LOR@senstadt&type=WMS
Siedlungsstruktur Wohnen - Bezirksregionen 2010	?id=k_siedlungsstruktur_bzr@senstadt&type=WMS
Siedlungsstruktur Wohnen - Planungsräume 2010	?id=k_siedlungsstruktur_plr@senstadt&type=WMS
Solaranlagen - Photovoltaik (Umweltatlas)	?id=k08_09_01_1pv_anzahl2013@senstadt&type=WMS
Solaranlagen - Thermie (Umweltatlas)	?id=k08_09_02_1th_anzahl2013@senstadt&type=WMS
Soziale Stadt (Quartiersmanagement)	?id=quartier@senstadt&type=WMS
Sozialhilfeempfänger 2004	?id=MsozS_SHE2004@senstadt&type=WMS
Sozialhilfeempfänger 2004 - Alleinerziehende	?id=MsozS_aerzSHE04@senstadt&type=WMS
Sozialhilfeempfänger 2004 - Gemeinsamerziehende	?id=MsozS_gerzSHE2004@senstadt&type=WMS
Sozialhilfeempfänger unter 18 Jahren 2004	?id=MsozSSHu182004@senstadt&type=WMS
Sozialhilfeempfänger, ausländische: 2004	?id=MsozS_aSHE2004@senstadt&type=WMS
Sozialhilfeempfänger, ausländische: Veränderung 2003-2004	?id=MsozS_aSHE_v2004@senstadt&type=WMS
Sozialhilfeempfänger, deutsche : Veränderung 2003-2004	?id=MsozS_dtSHE_v2004@senstadt&type=WMS
Sozialhilfeempfänger, deutsche: 2004	?id=MsozS_dtSHE2004@senstadt&type=WMS
Sozialhilfeempfänger: Veränderung 2003-2004	?id=MsozS_SHE_v04@senstadt&type=WMS
Sozialversicherungspflichtig Beschäftigte am Wohnort 2010 (LOR)	?id=MsozS_E24_2010LOR@senstadt&type=WMS
Sozialversicherungspflichtig Beschäftigte am Wohnort: Veränderung 2010 (LOR)	?id=MsozS_E25_2010LOR@senstadt&type=WMS
Spielplatzversorgung - öffentlich	?id=spielver_oeff@senstadt&type=WMS
Spielplatzversorgung - öffentlich und privat	?id=spielver_oeffpriv@senstadt&type=WMS
Städtebauliche Dichte - Geschossflächenzahl (GFZ) 2008 (LOR)	?id=k06_09_03gfz2008@senstadt&type=WMS
Städtebauliche Dichte - Geschossflächenzahl (GFZ) 2011 (LOR)	?id=k06_09_03gfz2011@senstadt&type=WMS
Städtebauliche Dichte - Geschossflächenzahl (GFZ) 2011 (Umweltatlas)	?id=k06_09_01gfz2011@senstadt&type=WMS
Städtebauliche Dichte - Grundflächenzahl  (GRZ) 2011 (Umweltatlas)	?id=k06_09_02grz2011@senstadt&type=WMS
Stadtentwicklungsplan (StEP) Wohnen 1999	?id=stepwohn@senstadt&type=WMS
Stadtentwicklungsplan (StEP) Wohnen 2025	?id=stepwohn2025@senstadt&type=WMS
Stadtentwicklungsplan Industrie und Gewerbe - Konzept	?id=stepgew@senstadt&type=WMS
Stadtentwicklungsplan Ver- und Entsorgung: Abwasser	?id=step_abwasser@senstadt&type=WMS
Stadtentwicklungsplan Ver- und Entsorgung: Elektroenergie	?id=step_elektro@senstadt&type=WMS
Stadtentwicklungsplan Ver- und Entsorgung: Fernwärmeversorgung	?id=step_fernw@senstadt&type=WMS
Stadtentwicklungsplan Ver- und Entsorgung: Gasversorgung	?id=step_gas@senstadt&type=WMS
Stadtentwicklungsplan Ver- und Entsorgung: Regenwasser	?id=step_regenbewirt@senstadt&type=WMS
Stadtentwicklungsplan Ver- und Entsorgung: Wasserversorgung	?id=step_wasserversorg@senstadt&type=WMS
Stadtentwicklungsplan Zentren: Zentrenkonzept	?id=step_zentren_konzept@senstadt&type=WMS
Städtische Wohnungen 2012 (LOR)	?id=MsozS_K08_2012@senstadt&type=WMS
Stadtklimatische Zonen (Umweltatlas)	?id=stadtklima@senstadt&type=WMS
Stadtstruktur 1990 (Umweltatlas)	?id=strutyp_1990@senstadt&type=WMS
Stadtstruktur 2000 (Umweltatlas)	?id=strutyp12_2000@senstadt&type=WMS
Stadtstruktur 2001 (Umweltatlas)	?id=strutyp2001@senstadt&type=WMS
Stadtstruktur 2005 (Umweltatlas)	?id=strutyp2005@senstadt&type=WMS
Stadtstruktur 2010 (Umweltatlas)	?id=strutyp2010@senstadt&type=WMS
Stadtstruktur differenziert 2005 (Umweltatlas)	?id=strutyp_diff2005@senstadt&type=WMS
Stadtstruktur differenziert 2010 (Umweltatlas)	?id=strutyp_diff2010@senstadt&type=WMS
Stadtumbaugebiete	?id=k_stadtumbau@senstadt&type=WMS
Standorte Öffentlicher Schulen	?id=schulen@senstadt&type=WMS
Status/Dynamik-Index Soziale Stadtentwicklung 2007	?id=MsozS_SDI2007@senstadt&type=WMS
Status/Dynamik-Index Soziale Stadtentwicklung 2008	?id=MsozS_SDI2008Vz@senstadt&type=WMS
Status/Dynamik-Index Soziale Stadtentwicklung 2008 (LOR)	?id=MsozS_SDI2008LOR@senstadt&type=WMS
Status/Dynamik-Index Soziale Stadtentwicklung 2009 (LOR)	?id=MsozS_SDI2009LOR@senstadt&type=WMS
Status/Dynamik-Index Soziale Stadtentwicklung 2010 (LOR)	?id=MsozS_SDI2010LOR@senstadt&type=WMS
Status/Dynamik-Index Soziale Stadtentwicklung 2011 (LOR)	?id=MsozS_SDI2011LOR@senstadt&type=WMS
Status/Dynamik-Index Soziale Stadtentwicklung 2013 (LOR)	?id=MsozS_SDI_2013@senstadt&type=WMS
Statusindex 2013	?id=MsozS_SI_20113@senstadt&type=WMS
Straßenverkehrslärm (Nacht 22-6 Uhr) (Umweltatlas)	?id=laerm2005_nacht@senstadt&type=WMS
Straßenverkehrslärm (Tag 6-22 Uhr) (Umweltatlas)	?id=laerm2005_tag@senstadt&type=WMS
Strat. Lärmkarte Fassadenpegel an lärmbeeinflußten Wohngebäuden 2007 (UA)	?id=k07_05_11fassadpeg2007@senstadt&type=WMS
Strat. Lärmkarte Fassadenpegel an lärmbeeinflußten Wohngebäuden 2012 (UA)	?id=wmsk_07_05_11fassadpeg2012@senstadt&type=WMS
Strat. Lärmkarte Fassadenpegel Gesamtlärm L_DEN (Tag-Abend-Nacht) 2007 (UA)	?id=k07_05_12fassadpeg_gesDEN2008@senstadt&type=WMS
Strat. Lärmkarte Fassadenpegel Gesamtlärm L_DEN (Tag-Abend-Nacht) 2012 (UA)	?id=wmsk_07_05_12fassadpeg_gesDEN2012@senstadt&type=WMS
Strat. Lärmkarte Fassadenpegel Gesamtlärm L_N (Nacht) 2007 (UA)	?id=k07_05_13fassadpeg_gesN2008@senstadt&type=WMS
Strat. Lärmkarte Fassadenpegel Gesamtlärm L_N (Nacht) 2012 (UA)	?id=wmsk_07_05_13fassadpeg_gesN2012@senstadt&type=WMS
Strat. Lärmkarte Gesamtlärmindex L_DEN (Tag-Abend-Nacht) Raster 2007 (UA)	?id=k07_05_14verkehr_gesDEN2008@senstadt&type=WMS
Strat. Lärmkarte Gesamtlärmindex L_DEN (Tag-Abend-Nacht) Raster 2012 (UA)	?id=wmsk_07_05_14verkehr_gesDEN2012@senstadt&type=WMS
Strat. Lärmkarte Gesamtlärmindex L_N (Nacht) Raster 2007  (UA)	?id=k07_05_15verkehr_gesN2008@senstadt&type=WMS
Strat. Lärmkarte Gesamtlärmindex L_N (Nacht) Raster 2012 (UA)	?id=wmsk_07_05_15verkehr_gesN2012@senstadt&type=WMS
Strat. Lärmkarte L_DEN (Tag-Abend-Nacht-Index) Eisenbahn/S-Bahnverkehr 2007 (UA)	?id=k07_05_05dbDEN2007@senstadt&type=WMS
Strat. Lärmkarte L_DEN (Tag-Abend-Nacht-Index) Flugverkehr 2007 (UA)	?id=k07_05_07txlDEN2007@senstadt&type=WMS
Strat. Lärmkarte L_DEN (Tag-Abend-Nacht-Index) Flugverkehr 2012 (UA)	?id=wmsk_07_05_07flugDEN2012@senstadt&type=WMS
Strat. Lärmkarte L_DEN (Tag-Abend-Nacht-Index) Flugverkehr BER Prognose 2015	?id=wmsk_07_05_07_1berDEN2012@senstadt&type=WMS
Strat. Lärmkarte L_DEN (Tag-Abend-Nacht-Index) Industrie und Gewerbe 2007 (UA)	?id=k07_05_09gewerbeDEN2007@senstadt&type=WMS
Strat. Lärmkarte L_DEN (Tag-Abend-Nacht-Index) Industrie und Gewerbe 2012 (UA)	?id=wmsk_07_05_09gewerbeDEN2012@senstadt&type=WMS
Strat. Lärmkarte L_DEN (Tag-Abend-Nacht-Index) Straßen-/U-Bahnverkehr 2007 (UA)	?id=k07_05_03strubahnDEN2007@senstadt&type=WMS
Strat. Lärmkarte L_DEN (Tag-Abend-Nacht-Index) Straßen-/U-Bahnverkehr 2012 (UA)	?id=wmsk_07_05_03strubahnDEN2012@senstadt&type=WMS
Strat. Lärmkarte L_DEN (Tag-Abend-Nacht-Index) Straßenverkehr 2007 (UA)	?id=k07_05_01str_vbusDEN2007@senstadt&type=WMS
Strat. Lärmkarte L_DEN (Tag-Abend-Nacht-Index) Straßenverkehr 2012 (UA)	?id=wmsk_07_05_01str_vbusDEN2012@senstadt&type=WMS
Strat. Lärmkarte L_N (Nacht-Index) Eisenbahn/S-Bahnverkehr 2007 (UA)	?id=k07_05_06dbN2007@senstadt&type=WMS
Strat. Lärmkarte L_N (Nacht-Index) Flugverkehr 2007 (UA)	?id=k07_05_08txlN2007@senstadt&type=WMS
Strat. Lärmkarte L_N (Nacht-Index) Flugverkehr 2012 (UA)	?id=wmsk_07_05_08flugN2012@senstadt&type=WMS
Strat. Lärmkarte L_N (Nacht-Index) Flugverkehr BER Prognose 2015 (UA)	?id=wmsk_07_05_08_1berN2012@senstadt&type=WMS
Strat. Lärmkarte L_N (Nacht-Index) Industrie und Gewerbe 2007 (UA)	?id=k07_05_10gewerbeN2007@senstadt&type=WMS
Strat. Lärmkarte L_N (Nacht-Index) Industrie und Gewerbe 2012 (UA)	?id=wmsk_07_05_10gewerbeN2012@senstadt&type=WMS
Strat. Lärmkarte L_N (Nacht-Index) Straßen-/U-Bahnverkehr 2007 (UA)	?id=k07_05_04strubahnN2007@senstadt&type=WMS
Strat. Lärmkarte L_N (Nacht-Index) Straßen-/U-Bahnverkehr 2012 (UA)	?id=wmsk_07_05_04strubahnN2012@senstadt&type=WMS
Strat. Lärmkarte L_N (Nacht-Index) Straßenverkehr 2007 (UA)	?id=k07_05_02str_vbusN2007@senstadt&type=WMS
Strat. Lärmkarte L_N (Nacht-Index) Straßenverkehr 2012 (UA)	?id=wmsk_07_05_02str_vbusN2012@senstadt&type=WMS
Suchräume zur Erweiterung der Ladeinfrastruktur für Elektroautos	?id=k_suchraeume@senstadt&type=WMS
Summe austauschbarer Kationen der Böden 2001 (Umweltatlas)	?id=kb01_06_08sumkat@senstadt&type=WMS
Summe austauschbarer Kationen der Böden 2005 (Umweltatlas)	?id=k01_06_08sumkat2005@senstadt&type=WMS
Summe austauschbarer Kationen der Böden 2010 (Umweltatlas)	?id=k01_06_08sumkat2010@senstadt&type=WMS
Tempolimits	?id=k_vms_tempolimits_spatial@senstadt&type=WMS
Übergeordnetes Straßennetz Bestand	?id=verkehr_strnetz@senstadt&type=WMS
Überschwemmungsgebiete (vorläufige Sicherung)	?id=ueberschwemmung@senstadt&type=WMS
Übersichtskarte von Berlin 1: 50 000 (ÜK50), 10-farbig	?id=uk50farbe@senstadt&type=WMS
Übersichtskarte von Berlin 1: 50 000 (ÜK50), 4-farbig	?id=uk50farbe4@senstadt&type=WMS
Übersichtskarte von Berlin 1: 50 000 (ÜK50), S/W-Kombi	?id=uk50sw@senstadt&type=WMS
Umweltgerechtigkeit Karte 1: Kernindikator Lärmbelastung (Umweltatlas)	?id=k09_01_1UGlaerm2012@senstadt&type=WMS
Umweltgerechtigkeit Karte 2: Kernindikator Luftbelastung (Umweltatlas)	?id=k09_01_2UGluft2009@senstadt&type=WMS
Umweltgerechtigkeit Karte 3: Kernindikator Grünversorgung (Umweltatlas)	?id=k09_01_3UGgruen2012@senstadt&type=WMS
Umweltgerechtigkeit Karte 4: Kernindikator Bioklima (Umweltatlas)	?id=k09_01_4UGbioklima2011@senstadt&type=WMS
Umweltgerechtigkeit Karte 5: Kernindikator Soziale Problematik (Umweltatlas)	?id=k09_01_5UGsozial2013@senstadt&type=WMS
Umweltgerechtigkeit Karte 6: Integrierte Mehrfachbelastung Umwelt (Umweltatlas)	?id=k09_01_6UGumwelt2013@senstadt&type=WMS
Umweltgerechtigkeit Karte 7: Integrierte Mehrfachbelastung Umwelt und Soziale Problematik (Umweltatlas)	?id=k09_01_7UGumwelt_status2013@senstadt&type=WMS
Umweltgerechtigkeit Karte 8: Integrierte Mehrfachbelastungskarte - thematisch (Umweltatlas)	?id=k09_01_8UGthematisch_2013@senstadt&type=WMS
Umweltgerechtigkeit Karte 9: Integrierte Mehrfachbelastungskarte - Berliner Umweltgerechtigkeitskarte - (Umweltatlas)	?id=k09_01_9UG_umweltgerechtigkeit2013@senstadt&type=WMS
Umweltzone	?id=k_umweltzone2007@senstadt&type=WMS
Vegetation (Umweltatlas)	?id=vegtyp_mSach@senstadt&type=WMS
Verdunstung aus Niederschlägen 2001 (Umweltatlas)	?id=verdunstung2001@senstadt&type=WMS
Verdunstung aus Niederschlägen 2005 (Umweltatlas)	?id=k02_13_05verd2005@senstadt&type=WMS
Verdunstung aus Niederschlägen 2012 (Umweltatlas)	?id=wmsk02_13_05verd2012@senstadt&type=WMS
Verkehrsbedingte Emissionen 2009 (Umweltatlas)	?id=k03_11_1emisskfzverkehr2009@senstadt&type=WMS
Verkehrsbedingte Luftbelastung 2002 (Umweltatlas)	?id=luftbelast_verkehr@senstadt&type=WMS
Verkehrsbedingte Luftbelastung 2005 (Umweltatlas)	?id=k03_11luftbelastverkehr2008@senstadt&type=WMS
Verkehrsbedingte Luftbelastung 2009 (Umweltatlas)	?id=k03_11_2luftbelastverkehr2009@senstadt&type=WMS
Verkehrsmengen 1998 (Umweltatlas)	?id=vmenge@senstadt&type=WMS
Verkehrsmengen 2005 (Umweltatlas)	?id=k07_01verkmeng2005@senstadt&type=WMS
Verkehrsmengen 2009 (Umweltatlas)	?id=k07_01verkmeng2009@senstadt&type=WMS
Verkehrszellen/Teilverkehrszellen in Berlin	?id=vkz@senstadt&type=WMS
Verlauf der Berliner Mauer, 1989	?id=k_mauer@senstadt&type=WMS
Versickerung aus Niederschlägen 1990 (Umweltatlas)	?id=versick_m_vg@senstadt&type=WMS
Versickerung aus Niederschlägen 2001 (Umweltatlas)	?id=versick2001_m_vg@senstadt&type=WMS
Versickerung aus Niederschlägen 2005 (Umweltatlas)	?id=k02_13_02vers2005@senstadt&type=WMS
Versickerung aus Niederschlägen 2012 (Umweltatlas)	?id=wmsk02_13_02vers2012@senstadt&type=WMS
Versickerung aus Niederschlägen ohne Versiegelung 1990 (Umweltatlas)	?id=versick@senstadt&type=WMS
Versickerung aus Niederschlägen ohne Versiegelung 2001 (Umweltatlas)	?id=versick2001_o_vg@senstadt&type=WMS
Versickerung aus Niederschlägen ohne Versiegelung 2012 (Umweltatlas)	?id=wmsk02_13_04verov2012@senstadt&type=WMS
Versiegelung 1990 (Umweltatlas)	?id=versiegelung@senstadt&type=WMS
Versiegelung 2001 (Umweltatlas)	?id=versiegelung2001@senstadt&type=WMS
Versiegelung 2005 (Umweltatlas)	?id=k01_02versieg2005@senstadt&type=WMS
Versiegelung 2005 (unkorrigierte Versiegelungsgrade,  Rasterdaten)	?id=k_01_02versieg_raster@senstadt&type=WMS
Versiegelung 2011 (Umweltatlas)	?id=k01_02versieg2011@senstadt&type=WMS
Versiegelung 2011 (unkorrigierte Versiegelungsgrade, Rasterdaten)	?id=k_01_02versieg_raster2011@senstadt&type=WMS
Versorgung mit öffentlichen, wohnungsnahen Grünanlagen (Umweltatlas)	?id=k06_05gruenversorg2011@senstadt&type=WMS
Versorgungsanteile der einzelnen Energieträger 2000 (Umweltatlas)	?id=uebheiz2004@senstadt&type=WMS
Versorgungsanteile der einzelnen Energieträger 2005 (Umweltatlas)	?id=k08_02_01uebheiz2005@senstadt&type=WMS
Versorgungsbereiche Gebäudewärme: Fernwärme 2000 (Umweltatlas)	?id=versorg2000_fern@senstadt&type=WMS
Versorgungsbereiche Gebäudewärme: Fernwärme 2005 (Umweltatlas)	?id=k08_01_01fern2005@senstadt&type=WMS
Versorgungsbereiche Gebäudewärme: Gas 2000 (Umweltatlas)	?id=versorg2000_gas@senstadt&type=WMS
Versorgungsbereiche Gebäudewärme: Gas 2005 (Umweltatlas)	?id=k08_01_02gas2005@senstadt&type=WMS
Versorgungsbereiche Gebäudewärme: Heizöl 2000 (Umweltatlas)	?id=versorg2000_oel@senstadt&type=WMS
Versorgungsbereiche Gebäudewärme: Heizöl 2005 (Umweltatlas)	?id=k08_01_03oel2005@senstadt&type=WMS
Versorgungsbereiche Gebäudewärme: Kohle 2000 (Umweltatlas)	?id=versorg2000_kohle@senstadt&type=WMS
Versorgungsbereiche Gebäudewärme: Kohle 2005 (Umweltatlas)	?id=k08_01_04kohle2005@senstadt&type=WMS
Verwaltungseinheiten der Berliner Forsten	?id=wmsk_forst_verwalt2014@senstadt&type=WMS
Verweilzeit des Sickerwassers in der ungesättigten Zone 2003 (Umweltatlas)	?id=k02_16_verweilzeitsick2003@senstadt&type=WMS
Wahlbeteiligung Europawahl 2004	?id=MsozS_Wahlen2004@senstadt&type=WMS
Wanderungssaldo 2003-2004	?id=MsozS_wS03_04@senstadt&type=WMS
Wanderungssaldo 2006	?id=MsozS_wS2006@senstadt&type=WMS
Wanderungssaldo 2006 (LOR)	?id=MsozS_wS2006LOR@senstadt&type=WMS
Wanderungssaldo 2007	?id=MsozS_D2_wS2007Vz@senstadt&type=WMS
Wanderungssaldo 2007 (LOR)	?id=MsozS_D2_wS2007LOR@senstadt&type=WMS
Wanderungssaldo 2008 (LOR)	?id=MsozS_D2_wS2008LOR@senstadt&type=WMS
Wanderungssaldo 2009 (LOR)	?id=MsozS_D2_wS2009LOR@senstadt&type=WMS
Wanderungssaldo 2010 (LOR)	?id=MsozS_D2_ws2010LOR@senstadt&type=WMS
Wanderungssaldo 2011-2012 (LOR)	?id=MsozS_K12_2012@senstadt&type=WMS
Wanderungssaldo 2011-2012 (LOR) - V 2	?id=MsozS_K12_V2_2012@senstadt&type=WMS
Wanderungssaldo mit dem Umland 2003-2004	?id=MsozS_umlwS0304@senstadt&type=WMS
Wanderungssaldo mit dem Umland 2008 (LOR)	?id=MsozS_E3_2008LOR@senstadt&type=WMS
Wanderungssaldo mit dem Umland 2009 (LOR)	?id=MsozS_E3_2009LOR@senstadt&type=WMS
Wanderungssaldo mit dem Umland 2010 (LOR)	?id=MsozS_E3_2010LOR@senstadt&type=WMS
Wanderungssaldo von Ausländern 2003-2004	?id=MsozS_awS0304@senstadt&type=WMS
Wanderungssaldo von Deutschen 2003-2004	?id=MsozS_dtwS03_04@senstadt&type=WMS
Wanderungssaldo von Deutschen 2007	?id=MsozS_E2_2007Vz@senstadt&type=WMS
Wanderungssaldo von Deutschen 2007 (LOR)	?id=MsozS_E2_2007LOR@senstadt&type=WMS
Wanderungssaldo von Deutschen 2008 (LOR)	?id=MsozS_E2_2008LOR@senstadt&type=WMS
Wanderungssaldo von Deutschen 2009 (LOR)	?id=MsozS_E2_2009LOR@senstadt&type=WMS
Wanderungssaldo von Deutschen 2010 (LOR)	?id=MsozS_E2_2010LOR@senstadt&type=WMS
Wanderungssaldo von Kindern unter 6 Jahren 2003-2004	?id=MsozS_u6wS03_04@senstadt&type=WMS
Wanderungssaldo von Kindern unter 6 Jahren 2006	?id=MsozS_u6wS2006@senstadt&type=WMS
Wanderungssaldo von Kindern unter 6 Jahren 2006 (LOR)	?id=MsozS_u6wS2006LOR@senstadt&type=WMS
Wanderungssaldo von Kindern unter 6 Jahren 2007	?id=MsozS_D3_wSu62007Vz@senstadt&type=WMS
Wanderungssaldo von Kindern unter 6 Jahren 2007 (LOR)	?id=MsozS_D3_wSu62007LOR@senstadt&type=WMS
Wanderungssaldo von Kindern unter 6 Jahren 2008 (LOR)	?id=MsozS_D3_wSu62008LOR@senstadt&type=WMS
Wanderungssaldo von Kindern unter 6 Jahren 2009 (LOR)	?id=MsozS_D3_wsu62009LOR@senstadt&type=WMS
Wanderungssaldo von Kindern unter 6 Jahren 2010 (LOR)	?id=MsozS_D3_wsu62010LOR@senstadt&type=WMS
Wanderungssaldo von Kindern unter 6 Jahren 2011-2012 (LOR)	?id=Msozs_K13_2012@senstadt&type=WMS
Wanderungssaldo von Kindern unter 6 Jahren 2011-2012 (LOR) - V 2	?id=MsozS_K13_V2_2012@senstadt&type=WMS
Wanderungsvolumen 2003-2004	?id=MsozS_wVol03_04@senstadt&type=WMS
Wanderungsvolumen 2006	?id=MsozS_wVol2006@senstadt&type=WMS
Wanderungsvolumen 2006 (LOR)	?id=MsozS_wVol2006LOR@senstadt&type=WMS
Wanderungsvolumen 2007	?id=MsozS_D1_wVol2007Vz@senstadt&type=WMS
Wanderungsvolumen 2007 (LOR)	?id=MsozS_D1_wVol2007LOR@senstadt&type=WMS
Wanderungsvolumen 2008 (LOR)	?id=MsozS_D1_wVol2008LOR@senstadt&type=WMS
Wanderungsvolumen 2009 (LOR)	?id=MsozS_D1_wVol2009LOR@senstadt&type=WMS
Wanderungsvolumen 2010 (LOR)	?id=MsozS_D1_2010LOR@senstadt&type=WMS
Wanderungsvolumen 2011-2012 (LOR)	?id=MsozS_K11_2012@senstadt&type=WMS
Wasserdurchlässigkeit Kf der Böden 2001 (Umweltatlas)	?id=kb01_06_10wasdur@senstadt&type=WMS
Wasserdurchlässigkeit Kf der Böden 2005 (Umweltatlas)	?id=k01_06_10wasdur2005@senstadt&type=WMS
Wasserschutzgebiet Johannisthal (vorläufige Anordnung)	?id=k_wsg_johannisthal@senstadt&type=WMS
Wasserschutzgebiete 2006	?id=wsg2006@senstadt&type=WMS
Wasserschutzgebiete 2009	?id=wsg@senstadt&type=WMS
Wasserversorgung der Böden 2001 (Umweltatlas)	?id=kb01_11_08wasser@senstadt&type=WMS
Wasserversorgung der Böden 2005 (Umweltatlas)	?id=k01_11_08wasser2005@senstadt&type=WMS
Wasserversorgung der Böden 2010 (Umweltatlas)	?id=k01_11_08wasser2010@senstadt&type=WMS
Wohnatlas Berlin - Angebotsmieten 2008/2009	?id=wa_angebmiete0809@senstadt&type=WMS
Wohnatlas Berlin - Angebotsmieten 2009/2010	?id=wa_angebmiete0910@senstadt&type=WMS
Wohnatlas Berlin - Anteil  Sozialmietwohnungen am Wohnungsbestand 2010	?id=wa_anteil_sozialwhg@senstadt&type=WMS
Wohnatlas Berlin - Anteil der Einwohner mit mind. 5-jähriger Wohndauer 2004-2009	?id=wa_wohndauer5@senstadt&type=WMS
Wohnatlas Berlin - Anteil der Einwohner mit mind. 5-jähriger Wohndauer 2005-2010	?id=wa_wohndauer510@senstadt&type=WMS
Wohnatlas Berlin - Anteil der Einwohner mit mind. einjähriger Wohndauer 2009	?id=wa_wohndauer1@senstadt&type=WMS
Wohnatlas Berlin - Anteil der Einwohner mit mind. einjähriger Wohndauer 2010	?id=wa_wohndauer110@senstadt&type=WMS
Wohnatlas Berlin - Anteil städt. Wohnungsbaugesell. am Wohnungsbestand 2008	?id=wa_anteil_staedt_we@senstadt&type=WMS
Wohnatlas Berlin - Anteile der Leistungsempfänger nach Sozialgesetzbuch II 2009	?id=wa_SGBII_ew@senstadt&type=WMS
Wohnatlas Berlin - Belegungsdichte 2009	?id=wa_belegdichte09@senstadt&type=WMS
Wohnatlas Berlin - Prozentuale Veränderungen der Einwohnerzahlen 2004 - 2009	?id=wa_bevaend0409@senstadt&type=WMS
Wohnatlas Berlin - Prozentuale Veränderungen der Einwohnerzahlen 2005 - 2010	?id=wa_bevaend0510@senstadt&type=WMS
Wohnatlas Berlin - Umgewandelte Wohnungen 2004 - 2009 pro 1.000 Wohnungen	?id=wa_umwandlung0409@senstadt&type=WMS
Wohnatlas Berlin - Umgewandelte Wohnungen 2005 - 2010 pro 1.000 Wohnungen	?id=wa_umwandlung0510@senstadt&type=WMS
Wohnatlas Berlin - Umgewandelte Wohnungen 2009 pro 1.000 Wohnungen	?id=wa_umwandlung09@senstadt&type=WMS
Wohnatlas Berlin - Umgewandelte Wohnungen 2010 pro 1.000 Wohnungen	?id=wa_umwandlung10@senstadt&type=WMS
Wohnatlas Berlin - Veränderung d. Anzahl d. Leistungsempf. nach SGB II 2006-2009	?id=wa_SGBII_aend@senstadt&type=WMS
Wohnatlas Berlin - Wohnungsverkäufe 2004 - 2009 pro 1.000 Wohnungen	?id=wa_verkaeufe0409@senstadt&type=WMS
Wohnatlas Berlin - Wohnungsverkäufe 2005 - 2010 pro 1.000 Wohnungen	?id=wa_verkaeufe0510@senstadt&type=WMS
Wohnatlas Berlin - Wohnungsverkäufe 2009 pro 1.000 Wohnungen	?id=wa_verkaeufe09@senstadt&type=WMS
Wohnatlas Berlin - Wohnungsverkäufe 2010 pro 1.000 Wohnungen	?id=wa_verkaeufe10@senstadt&type=WMS
Wohndauer über 5 Jahre 2012 (LOR)	?id=MsozS_K10_2012@senstadt&type=WMS
Wohndauer über 5 Jahre 2012 (LOR) - V2	?id=MsozS_K10_V2_2012@senstadt&type=WMS
Wohnlagenkarte nach Adressen zum Berliner Mietspiegel 2005	?id=wohnlagenadr2005@senstadt&type=WMS
Wohnlagenkarte nach Adressen zum Berliner Mietspiegel 2007	?id=k_wohnlagenadr2007@senstadt&type=WMS
Wohnlagenkarte nach Adressen zum Berliner Mietspiegel 2009	?id=k_wohnlagenadr2009@senstadt&type=WMS
Wohnlagenkarte nach Adressen zum Berliner Mietspiegel 2011	?id=k_wohnlagenadr2011@senstadt&type=WMS
Wohnlagenkarte nach Adressen zum Berliner Mietspiegel 2013	?id=k_wohnlagenadr2013@senstadt&type=WMS
Wohnlagenkarte nach Adressen zum Berliner Mietspiegel 2015	?id=k_wohnlagenadr2015@senstadt&type=WMS
Zu erwartender höchster Grundwasserstand (zeHGW) (Umweltatlas)	?id=wmsk02_19zeHGW2015@senstadt&type=WMS
